duration,protocol_type,service,flag,src_bytes,dst_bytes,land,wrong_fragment,urgent,hot,num_failed_logins,logged_in,num_compromised,root_shell,su_attempted,num_root,num_file_creations,num_shells,num_access_files,num_outbound_cmds,is_host_login,is_guest_login,count,srv_count,serror_rate,srv_serror_rate,rerror_rate,srv_rerror_rate,same_srv_rate,diff_srv_rate,srv_diff_host_rate,dst_host_count,dst_host_srv_count,dst_host_same_srv_rate,dst_host_diff_srv_rate,dst_host_same_src_port_rate,dst_host_srv_diff_host_rate,dst_host_serror_rate,dst_host_srv_serror_rate,dst_host_rerror_rate,dst_host_srv_rerror_rate,labels
0,udp,domain_u,SF,36,0,0,0,0,0,0,0,0,0,0,0,0,0,0,0,0,0,2,4,0.0,0.0,0.0,0.0,1.0,0.0,0.75,67,171,1.0,0.0,1.0,0.01,0.0,0.0,0.0,0.0,normal
0,tcp,http,S0,0,0,0,0,0,0,0,0,0,0,0,0,0,0,0,0,0,0,42,11,1.0,1.0,0.0,0.0,0.26,0.1,0.0,255,44,0.17,0.05,0.01,0.0,1.0,1.0,0.0,0.0,neptune
0,tcp,pop_3,S0,0,0,0,0,0,0,0,0,0,0,0,0,0,0,0,0,0,0,284,20,1.0,1.0,0.0,0.0,0.07,0.06,0.0,255,20,0.08,0.06,0.0,0.0,1.0,1.0,0.0,0.0,neptune
0,tcp,private,REJ,0,0,0,0,0,0,0,0,0,0,0,0,0,0,0,0,0,0,110,8,0.0,0.0,1.0,1.0,0.07,0.06,0.0,255,27,0.11,0.07,0.0,0.0,0.0,0.0,1.0,1.0,neptune
0,tcp,private,RSTR,0,0,0,0,0,0,0,0,0,0,0,0,0,0,0,0,0,0,1,1,0.0,0.0,1.0,1.0,1.0,0.0,0.0,134,1,0.01,0.64,0.64,0.0,0.04,0.0,0.63,1.0,portsweep
0,tcp,http,SF,325,4673,0,0,0,0,0,1,0,0,0,0,0,0,0,0,0,0,20,20,0.0,0.0,0.0,0.0,1.0,0.0,0.0,255,255,1.0,0.0,0.0,0.0,0.0,0.0,0.0,0.0,normal
0,tcp,private,S0,0,0,0,0,0,0,0,0,0,0,0,0,0,0,0,0,0,0,133,13,1.0,1.0,0.0,0.0,0.1,0.07,0.0,255,33,0.13,0.06,0.0,0.0,1.0,1.0,0.0,0.0,neptune
0,tcp,private,REJ,0,0,0,0,0,0,0,0,0,0,0,0,0,0,0,0,0,0,101,17,0.0,0.0,1.0,1.0,0.17,0.08,0.0,255,17,0.07,0.07,0.0,0.0,0.0,0.0,1.0,1.0,neptune
0,tcp,iso_tsap,REJ,0,0,0,0,0,0,0,0,0,0,0,0,0,0,0,0,0,0,285,18,0.0,0.0,1.0,1.0,0.06,0.06,0.0,255,18,0.07,0.08,0.0,0.0,0.0,0.0,1.0,1.0,neptune
0,tcp,smtp,SF,743,335,0,0,0,0,0,1,0,0,0,0,0,0,0,0,0,0,1,2,0.0,0.0,0.0,0.0,1.0,0.0,1.0,138,85,0.62,0.05,0.01,0.0,0.0,0.0,0.0,0.0,normal
0,tcp,exec,S0,0,0,0,0,0,0,0,0,0,0,0,0,0,0,0,0,0,0,147,18,1.0,1.0,0.0,0.0,0.12,0.05,0.0,255,8,0.03,0.07,0.0,0.0,1.0,1.0,0.0,0.0,neptune
0,tcp,http,SF,209,29055,0,0,0,0,0,1,0,0,0,0,0,0,0,0,0,0,3,3,0.0,0.0,0.0,0.0,1.0,0.0,0.0,168,255,1.0,0.0,0.01,0.02,0.0,0.0,0.0,0.0,normal
0,tcp,telnet,S0,0,0,0,0,0,0,0,0,0,0,0,0,0,0,0,0,0,0,78,19,0.99,1.0,0.01,0.0,0.24,0.06,0.0,255,39,0.15,0.05,0.0,0.0,1.0,1.0,0.0,0.0,neptune
0,tcp,ftp_data,SF,567,0,0,0,0,0,0,1,0,0,0,6,0,0,0,0,0,0,1,1,0.0,0.0,0.0,0.0,1.0,0.0,0.0,113,39,0.35,0.04,0.35,0.0,0.02,0.0,0.0,0.0,normal
0,tcp,http,SF,243,929,0,0,0,0,0,1,0,0,0,0,0,0,0,0,0,0,13,13,0.0,0.0,0.0,0.0,1.0,0.0,0.0,13,255,1.0,0.0,0.08,0.05,0.0,0.0,0.0,0.0,normal
0,udp,domain_u,SF,45,45,0,0,0,0,0,0,0,0,0,0,0,0,0,0,0,0,196,198,0.0,0.0,0.0,0.0,1.0,0.0,0.01,255,234,0.92,0.01,0.0,0.0,0.0,0.0,0.0,0.0,normal
0,udp,domain_u,SF,46,85,0,0,0,0,0,0,0,0,0,0,0,0,0,0,0,0,143,143,0.0,0.0,0.0,0.0,1.0,0.0,0.0,255,255,1.0,0.0,0.0,0.0,0.0,0.0,0.0,0.0,normal
0,tcp,http,SF,313,421,0,0,0,0,0,1,0,0,0,0,0,0,0,0,0,0,11,12,0.0,0.0,0.0,0.0,1.0,0.0,0.17,255,255,1.0,0.0,0.0,0.0,0.0,0.0,0.0,0.0,normal
0,tcp,finger,SF,9,141,0,0,0,0,0,0,0,0,0,0,0,0,0,0,0,0,2,1,0.0,0.0,0.0,0.0,0.5,1.0,0.0,222,13,0.06,0.02,0.0,0.0,0.0,0.0,0.0,0.0,normal
0,tcp,ftp_data,SF,35,0,0,0,0,0,0,0,0,0,0,0,0,0,0,0,0,0,2,2,0.0,0.0,0.0,0.0,1.0,0.0,0.0,255,58,0.23,0.4,0.23,0.0,0.4,0.0,0.0,0.0,normal
0,tcp,http,SF,294,545,0,0,0,0,0,1,0,0,0,0,0,0,0,0,0,0,3,3,0.0,0.0,0.0,0.0,1.0,0.0,0.0,102,255,1.0,0.0,0.01,0.03,0.0,0.0,0.0,0.0,normal
0,udp,domain_u,SF,44,125,0,0,0,0,0,0,0,0,0,0,0,0,0,0,0,0,80,160,0.0,0.0,0.0,0.0,1.0,0.0,0.01,255,245,0.96,0.01,0.0,0.0,0.0,0.0,0.0,0.0,normal
0,icmp,ecr_i,SF,1032,0,0,0,0,0,0,0,0,0,0,0,0,0,0,0,0,0,511,511,0.0,0.0,0.0,0.0,1.0,0.0,0.0,255,186,0.73,0.02,0.73,0.0,0.0,0.0,0.02,0.0,smurf
0,tcp,http,SF,233,6084,0,0,0,0,0,1,0,0,0,0,0,0,0,0,0,0,22,22,0.0,0.0,0.0,0.0,1.0,0.0,0.0,255,255,1.0,0.0,0.0,0.0,0.0,0.0,0.01,0.01,normal
0,tcp,http,SF,229,2356,0,0,0,0,0,1,0,0,0,0,0,0,0,0,0,0,3,47,0.0,0.0,0.0,0.0,1.0,0.0,0.13,33,255,1.0,0.0,0.03,0.02,0.0,0.0,0.0,0.0,normal
0,tcp,http,SF,345,566,0,0,0,0,0,1,0,0,0,0,0,0,0,0,0,0,17,17,0.0,0.0,0.0,0.0,1.0,0.0,0.0,114,255,1.0,0.0,0.01,0.02,0.0,0.0,0.0,0.0,normal
0,tcp,ftp_data,SF,334,0,0,0,0,0,0,1,0,0,0,0,0,0,0,0,0,0,1,1,0.0,0.0,0.0,0.0,1.0,0.0,0.0,6,18,1.0,0.0,1.0,0.22,0.0,0.0,0.0,0.0,warezclient
0,tcp,uucp,S0,0,0,0,0,0,0,0,0,0,0,0,0,0,0,0,0,0,0,142,22,1.0,1.0,0.0,0.0,0.15,0.05,0.0,255,22,0.09,0.05,0.0,0.0,1.0,1.0,0.0,0.0,neptune
20,tcp,ftp,SF,246,773,0,0,0,4,0,1,0,0,0,0,0,0,0,0,0,1,1,1,0.0,0.0,0.0,0.0,1.0,0.0,0.0,48,21,0.44,0.1,0.02,0.0,0.0,0.0,0.0,0.0,normal
0,icmp,ecr_i,SF,30,0,0,0,0,0,0,0,0,0,0,0,0,0,0,0,0,0,2,2,0.0,0.0,0.0,0.0,1.0,0.0,0.0,221,221,1.0,0.0,1.0,0.0,0.0,0.0,0.0,0.0,normal
0,tcp,ftp_data,SF,854,0,0,0,0,0,0,1,0,0,0,0,0,0,0,0,0,0,1,1,0.0,0.0,0.0,0.0,1.0,0.0,0.0,221,88,0.38,0.03,0.38,0.02,0.01,0.01,0.0,0.0,normal
0,tcp,private,S0,0,0,0,0,0,0,0,0,0,0,0,0,0,0,0,0,0,0,22,5,1.0,1.0,0.0,0.0,0.23,0.18,0.0,255,18,0.07,0.08,0.0,0.0,1.0,1.0,0.0,0.0,neptune
0,tcp,http,SF,148,2893,0,0,0,0,0,1,0,0,0,0,0,0,0,0,0,0,1,40,0.0,0.0,0.0,0.0,1.0,0.0,0.05,7,254,1.0,0.0,0.14,0.07,0.0,0.0,0.0,0.0,normal
0,udp,other,SF,516,4,0,0,0,0,0,0,0,0,0,0,0,0,0,0,0,0,215,215,0.0,0.0,0.0,0.0,1.0,0.0,0.0,215,215,1.0,0.0,1.0,0.0,0.0,0.0,0.0,0.0,normal
0,tcp,private,S0,0,0,0,0,0,0,0,0,0,0,0,0,0,0,0,0,0,0,107,7,1.0,1.0,0.0,0.0,0.07,0.07,0.0,255,30,0.12,0.05,0.0,0.0,1.0,1.0,0.0,0.0,neptune
0,tcp,imap4,S0,0,0,0,0,0,0,0,0,0,0,0,0,0,0,0,0,0,0,164,18,1.0,1.0,0.0,0.0,0.11,0.07,0.0,255,18,0.07,0.07,0.0,0.0,1.0,1.0,0.0,0.0,neptune
0,tcp,finger,S0,0,0,0,0,0,0,0,0,0,0,0,0,0,0,0,0,0,0,227,11,1.0,1.0,0.0,0.0,0.05,0.06,0.0,255,1,0.0,0.07,0.0,0.0,1.0,1.0,0.0,0.0,neptune
0,tcp,private,S0,0,0,0,0,0,0,0,0,0,0,0,0,0,0,0,0,0,0,83,25,1.0,1.0,0.0,0.0,0.3,0.06,0.0,255,25,0.1,0.05,0.0,0.0,1.0,1.0,0.0,0.0,neptune
0,icmp,eco_i,SF,30,0,0,0,0,0,0,0,0,0,0,0,0,0,0,0,0,0,1,1,0.0,0.0,0.0,0.0,1.0,0.0,0.0,81,131,1.0,0.0,1.0,0.2,0.0,0.0,0.0,0.0,normal
0,tcp,http,S0,0,0,0,0,0,0,0,0,0,0,0,0,0,0,0,0,0,0,13,8,1.0,1.0,0.0,0.0,0.62,0.23,0.0,255,56,0.22,0.02,0.01,0.0,1.0,1.0,0.0,0.0,neptune
0,tcp,uucp_path,S0,0,0,0,0,0,0,0,0,0,0,0,0,0,0,0,0,0,0,118,14,1.0,1.0,0.0,0.0,0.12,0.07,0.0,255,14,0.05,0.08,0.0,0.0,1.0,1.0,0.0,0.0,neptune
0,tcp,http,SF,200,354,0,0,0,0,0,1,0,0,0,0,0,0,0,0,0,0,68,70,0.0,0.0,0.0,0.0,1.0,0.0,0.03,255,255,1.0,0.0,0.0,0.0,0.0,0.0,0.0,0.0,normal
0,udp,domain_u,SF,43,75,0,0,0,0,0,0,0,0,0,0,0,0,0,0,0,0,109,109,0.0,0.0,0.0,0.0,1.0,0.0,0.0,255,255,1.0,0.0,0.01,0.0,0.0,0.0,0.0,0.0,normal
0,tcp,smtp,SF,844,326,0,0,0,0,0,1,0,0,0,0,0,0,0,0,0,0,1,1,0.0,0.0,0.0,0.0,1.0,0.0,0.0,30,140,0.73,0.13,0.03,0.01,0.0,0.0,0.0,0.0,normal
0,tcp,hostnames,REJ,0,0,0,0,0,0,0,0,0,0,0,0,0,0,0,0,0,0,277,9,0.0,0.0,1.0,1.0,0.03,0.06,0.0,255,9,0.04,0.07,0.0,0.0,0.0,0.0,1.0,1.0,neptune
0,tcp,pop_3,SF,35,130,0,0,0,0,0,1,0,0,0,0,0,0,0,0,0,0,1,1,0.0,0.0,0.0,0.0,1.0,0.0,0.0,15,7,0.13,0.27,0.07,0.29,0.0,0.0,0.0,0.0,normal
0,tcp,private,REJ,0,0,0,0,0,0,0,0,0,0,0,0,0,0,0,0,0,0,143,10,0.0,0.0,1.0,1.0,0.07,0.06,0.0,255,7,0.03,0.07,0.0,0.0,0.0,0.0,1.0,1.0,neptune
0,tcp,private,SH,0,0,0,0,0,0,0,0,0,0,0,0,0,0,0,0,0,0,1,1,1.0,1.0,0.0,0.0,1.0,0.0,0.0,104,1,0.01,0.9,0.92,0.0,0.92,1.0,0.0,0.0,nmap
0,tcp,http,SF,201,1315,0,0,0,0,0,1,0,0,0,0,0,0,0,0,0,0,11,11,0.0,0.0,0.0,0.0,1.0,0.0,0.0,28,255,1.0,0.0,0.04,0.06,0.0,0.0,0.0,0.0,normal
0,tcp,private,S0,0,0,0,0,0,0,0,0,0,0,0,0,0,0,0,0,0,0,282,20,1.0,1.0,0.0,0.0,0.07,0.05,0.0,255,18,0.07,0.05,0.0,0.0,1.0,1.0,0.0,0.0,neptune
0,tcp,ftp_data,SF,30,0,0,0,0,0,0,1,0,0,0,0,0,0,0,0,0,0,1,1,0.0,0.0,0.0,0.0,1.0,0.0,0.0,12,47,1.0,0.0,1.0,0.13,0.0,0.02,0.0,0.0,warezclient
0,tcp,ftp_data,SF,12,0,0,0,0,0,0,1,0,0,0,0,0,0,0,0,0,0,1,1,0.0,0.0,0.0,0.0,1.0,0.0,0.0,61,93,0.39,0.05,0.39,0.02,0.0,0.01,0.0,0.0,normal
0,tcp,private,REJ,0,0,0,0,0,0,0,0,0,0,0,0,0,0,0,0,0,0,103,1,0.01,0.0,0.91,1.0,0.01,1.0,0.0,255,1,0.0,0.42,0.0,0.0,0.0,0.0,0.38,1.0,satan
0,tcp,http,SF,343,1714,0,0,0,0,0,1,0,0,0,0,0,0,0,0,0,0,13,13,0.0,0.0,0.0,0.0,1.0,0.0,0.0,255,255,1.0,0.0,0.0,0.0,0.0,0.0,0.0,0.0,normal
11,tcp,smtp,SF,1435,337,0,0,0,0,0,1,0,0,0,0,0,0,0,0,0,0,1,2,0.0,0.0,0.0,0.0,1.0,0.0,1.0,87,142,0.38,0.02,0.01,0.01,0.0,0.0,0.0,0.0,normal
0,tcp,http,SF,237,12155,0,0,0,0,0,1,0,0,0,0,0,0,0,0,0,0,5,5,0.0,0.0,0.0,0.0,1.0,0.0,0.0,13,255,1.0,0.0,0.08,0.07,0.0,0.0,0.0,0.0,normal
0,tcp,private,S0,0,0,0,0,0,0,0,0,0,0,0,0,0,0,0,0,0,0,199,15,1.0,1.0,0.0,0.0,0.08,0.06,0.0,255,15,0.06,0.07,0.0,0.0,1.0,1.0,0.0,0.0,neptune
0,tcp,private,S0,0,0,0,0,0,0,0,0,0,0,0,0,0,0,0,0,0,0,292,11,1.0,1.0,0.0,0.0,0.04,0.05,0.0,255,11,0.04,0.08,0.0,0.0,1.0,1.0,0.0,0.0,neptune
0,tcp,http,SF,210,566,0,0,0,0,0,1,0,0,0,0,0,0,0,0,0,0,7,7,0.0,0.0,0.0,0.0,1.0,0.0,0.0,15,255,1.0,0.0,0.07,0.01,0.0,0.0,0.0,0.0,normal
1,tcp,smtp,SF,1069,333,0,0,0,0,0,1,0,0,0,0,0,0,0,0,0,0,1,3,0.0,0.0,0.0,0.0,1.0,0.0,1.0,130,179,0.58,0.04,0.01,0.01,0.0,0.0,0.0,0.0,normal
0,tcp,klogin,S0,0,0,0,0,0,0,0,0,0,0,0,0,0,0,0,0,0,0,103,20,1.0,1.0,0.0,0.0,0.19,0.06,0.0,255,17,0.07,0.05,0.0,0.0,1.0,1.0,0.0,0.0,neptune
0,tcp,smtp,SF,3844,377,0,0,0,0,0,1,0,0,0,0,0,0,0,0,0,0,1,3,0.0,0.0,0.0,0.0,1.0,0.0,1.0,109,152,0.55,0.06,0.01,0.01,0.0,0.0,0.0,0.0,normal
0,tcp,http,SF,262,11785,0,0,0,0,0,1,0,0,0,0,0,0,0,0,0,0,1,1,0.0,0.0,0.0,0.0,1.0,0.0,0.0,118,154,1.0,0.0,0.01,0.03,0.0,0.01,0.0,0.0,normal
0,tcp,http,SF,231,18499,0,0,0,0,0,1,0,0,0,0,0,0,0,0,0,0,5,5,0.0,0.0,0.0,0.0,1.0,0.0,0.0,5,255,1.0,0.0,0.2,0.11,0.0,0.0,0.0,0.0,normal
0,tcp,http,SF,197,27228,0,0,0,0,0,1,0,0,0,0,0,0,0,0,0,0,12,12,0.0,0.0,0.0,0.0,1.0,0.0,0.0,14,255,1.0,0.0,0.07,0.03,0.0,0.0,0.0,0.0,normal
0,tcp,http,SF,205,10044,0,0,0,0,0,1,0,0,0,0,0,0,0,0,0,0,11,12,0.0,0.0,0.0,0.0,1.0,0.0,0.17,255,255,1.0,0.0,0.0,0.0,0.0,0.0,0.0,0.0,normal
2345,udp,other,SF,147,105,0,0,0,0,0,0,0,0,0,0,0,0,0,0,0,0,4,2,0.0,0.0,0.0,0.0,0.5,0.5,0.0,255,3,0.01,0.64,0.95,0.0,0.0,0.0,0.0,0.0,normal
0,tcp,uucp_path,S0,0,0,0,0,0,0,0,0,0,0,0,0,0,0,0,0,0,0,204,8,1.0,1.0,0.0,0.0,0.04,0.06,0.0,255,19,0.07,0.07,0.0,0.0,1.0,1.0,0.0,0.0,neptune
0,udp,domain_u,SF,44,133,0,0,0,0,0,0,0,0,0,0,0,0,0,0,0,0,80,160,0.0,0.0,0.0,0.0,1.0,0.0,0.01,255,254,1.0,0.01,0.0,0.0,0.0,0.0,0.0,0.0,normal
0,udp,other,SF,516,4,0,0,0,0,0,0,0,0,0,0,0,0,0,0,0,0,166,166,0.0,0.0,0.0,0.0,1.0,0.0,0.0,166,166,1.0,0.0,1.0,0.0,0.0,0.0,0.0,0.0,normal
0,tcp,pop_3,SF,38,130,0,0,0,0,0,1,0,0,0,0,0,0,0,0,0,0,1,1,0.0,0.0,0.0,0.0,1.0,0.0,0.0,80,9,0.04,0.08,0.01,0.22,0.03,0.0,0.0,0.0,normal
0,tcp,http,SF,164,28382,0,0,0,1,0,1,0,0,0,0,0,0,0,0,0,0,1,1,0.0,0.0,0.0,0.0,1.0,0.0,0.0,19,255,1.0,0.0,0.05,0.03,0.05,0.0,0.0,0.0,normal
0,tcp,private,S0,0,0,0,0,0,0,0,0,0,0,0,0,0,0,0,0,0,0,101,10,1.0,1.0,0.0,0.0,0.1,0.07,0.0,153,10,0.07,0.07,0.01,0.0,1.0,1.0,0.0,0.0,neptune
0,tcp,private,REJ,0,0,0,0,0,0,0,0,0,0,0,0,0,0,0,0,0,0,89,6,0.0,0.0,1.0,1.0,0.07,0.07,0.0,255,6,0.02,0.06,0.0,0.0,0.0,0.0,1.0,1.0,neptune
7,tcp,smtp,SF,1362,380,0,0,0,0,0,1,0,0,0,0,0,0,0,0,0,0,1,1,0.0,0.0,0.0,0.0,1.0,0.0,0.0,143,191,0.73,0.03,0.01,0.01,0.0,0.0,0.0,0.0,normal
1,udp,private,SF,105,146,0,0,0,0,0,0,0,0,0,0,0,0,0,0,0,0,3,2,0.0,0.0,0.0,0.0,0.67,0.67,0.0,255,253,0.99,0.01,0.01,0.0,0.0,0.0,0.0,0.0,normal
0,tcp,finger,S0,0,0,1,0,0,0,0,0,0,0,0,0,0,0,0,0,0,0,3,2,0.33,1.0,0.67,0.0,0.33,1.0,1.0,16,2,0.12,0.19,0.12,0.0,0.12,1.0,0.06,0.0,land
0,tcp,private,S0,0,0,0,0,0,0,0,0,0,0,0,0,0,0,0,0,0,0,132,20,1.0,1.0,0.0,0.0,0.15,0.06,0.0,255,5,0.02,0.08,0.0,0.0,1.0,1.0,0.0,0.0,neptune
0,icmp,eco_i,SF,30,0,0,0,0,0,0,0,0,0,0,0,0,0,0,0,0,0,2,2,0.0,0.0,0.0,0.0,1.0,0.0,0.0,224,224,1.0,0.0,1.0,0.0,0.0,0.0,0.0,0.0,normal
0,tcp,http,S0,0,0,0,0,0,0,0,0,0,0,0,0,0,0,0,0,0,0,8,5,1.0,1.0,0.0,0.0,0.62,0.25,0.0,255,60,0.24,0.04,0.01,0.0,1.0,1.0,0.0,0.0,neptune
0,tcp,http,SF,248,4196,0,0,0,0,0,1,0,0,0,0,0,0,0,0,0,0,3,5,0.0,0.0,0.0,0.0,1.0,0.0,0.6,132,255,1.0,0.0,0.01,0.04,0.0,0.0,0.0,0.0,normal
0,tcp,smtp,SF,13247,1430,0,0,0,0,0,1,0,0,0,0,0,0,0,0,0,0,1,1,0.0,0.0,0.0,0.0,1.0,0.0,0.0,126,244,0.96,0.02,0.01,0.01,0.0,0.0,0.0,0.0,normal
0,tcp,name,S0,0,0,0,0,0,0,0,0,0,0,0,0,0,0,0,0,0,0,144,19,1.0,1.0,0.0,0.0,0.13,0.05,0.0,255,3,0.01,0.05,0.0,0.0,1.0,1.0,0.0,0.0,neptune
0,tcp,http,SF,236,1872,0,0,0,0,0,1,0,0,0,0,0,0,0,0,0,0,1,1,0.0,0.0,0.0,0.0,1.0,0.0,0.0,171,255,1.0,0.0,0.01,0.02,0.0,0.0,0.0,0.0,normal
0,udp,domain_u,SF,45,143,0,0,0,0,0,0,0,0,0,0,0,0,0,0,0,0,71,151,0.0,0.0,0.0,0.0,1.0,0.0,0.01,255,255,1.0,0.0,0.0,0.0,0.0,0.0,0.0,0.0,normal
0,tcp,ftp_data,SF,373,0,0,0,0,0,0,1,0,0,0,0,0,0,0,0,0,0,17,17,0.0,0.0,0.0,0.0,1.0,0.0,0.0,255,101,0.4,0.03,0.4,0.0,0.0,0.0,0.0,0.0,normal
89,udp,other,SF,145,105,0,0,0,0,0,0,0,0,0,0,0,0,0,0,0,0,1,1,0.0,0.0,0.0,0.0,1.0,0.0,0.0,255,1,0.0,0.64,0.9,0.0,0.0,0.0,0.0,0.0,normal
0,tcp,bgp,S0,0,0,0,0,0,0,0,0,0,0,0,0,0,0,0,0,0,0,219,17,1.0,1.0,0.0,0.0,0.08,0.06,0.0,255,4,0.02,0.09,0.0,0.0,1.0,1.0,0.0,0.0,neptune
0,tcp,netbios_dgm,REJ,0,0,0,0,0,0,0,0,0,0,0,0,0,0,0,0,0,0,292,13,0.0,0.0,1.0,1.0,0.04,0.05,0.0,255,13,0.05,0.08,0.0,0.0,0.0,0.0,1.0,1.0,neptune
0,tcp,smtp,SF,1165,325,0,0,0,0,0,1,0,0,0,0,0,0,0,0,0,0,1,1,0.0,0.0,0.0,0.0,1.0,0.0,0.0,166,126,0.76,0.02,0.01,0.0,0.0,0.0,0.0,0.0,normal
0,tcp,Z39_50,S0,0,0,0,0,0,0,0,0,0,0,0,0,0,0,0,0,0,0,193,4,1.0,1.0,0.0,0.0,0.02,0.06,0.0,255,4,0.02,0.06,0.0,0.0,1.0,1.0,0.0,0.0,neptune
0,tcp,private,S0,0,0,0,0,0,0,0,0,0,0,0,0,0,0,0,0,0,0,207,11,1.0,1.0,0.0,0.0,0.05,0.05,0.0,255,16,0.06,0.06,0.0,0.0,1.0,1.0,0.0,0.0,neptune
0,udp,domain_u,SF,34,34,0,0,0,0,0,0,0,0,0,0,0,0,0,0,0,0,11,17,0.0,0.0,0.0,0.0,0.82,0.18,0.18,106,78,0.74,0.03,0.01,0.0,0.0,0.0,0.0,0.0,normal
0,tcp,http,SF,198,11354,0,0,0,0,0,1,0,0,0,0,0,0,0,0,0,0,4,20,0.0,0.0,0.0,0.0,1.0,0.0,0.1,119,255,1.0,0.0,0.02,0.03,0.01,0.0,0.0,0.0,normal
0,tcp,http,SF,284,8079,0,0,0,0,0,1,0,0,0,0,0,0,0,0,0,0,1,1,0.0,0.0,0.0,0.0,1.0,0.0,0.0,31,255,1.0,0.0,0.03,0.01,0.0,0.0,0.0,0.0,normal
0,udp,domain_u,SF,44,110,0,0,0,0,0,0,0,0,0,0,0,0,0,0,0,0,1,1,0.0,0.0,0.0,0.0,1.0,0.0,0.0,39,189,0.54,0.05,0.54,0.01,0.0,0.0,0.26,0.0,normal
0,tcp,http,SF,330,9132,0,0,0,0,0,1,0,0,0,0,0,0,0,0,0,0,2,3,0.0,0.0,0.0,0.0,1.0,0.0,0.67,128,255,1.0,0.0,0.01,0.05,0.0,0.0,0.0,0.0,normal
0,tcp,other,REJ,0,0,0,0,0,0,0,0,0,0,0,0,0,0,0,0,0,0,373,1,0.09,0.0,0.9,1.0,0.0,1.0,0.0,255,1,0.0,1.0,0.0,0.0,0.11,0.0,0.89,1.0,satan
0,icmp,eco_i,SF,8,0,0,0,0,0,0,0,0,0,0,0,0,0,0,0,0,0,1,36,0.0,0.0,0.0,0.0,1.0,0.0,1.0,1,93,1.0,0.0,1.0,0.51,0.0,0.0,0.0,0.0,ipsweep
0,tcp,ftp_data,SF,334,0,0,0,0,0,0,1,0,0,0,0,0,0,0,0,0,0,2,2,0.0,0.0,0.0,0.0,1.0,0.0,0.0,12,39,1.0,0.0,1.0,0.1,0.0,0.0,0.0,0.0,warezclient
0,tcp,smtp,SF,1317,404,0,0,0,0,0,1,0,0,0,0,0,0,0,0,0,0,1,1,0.0,0.0,0.0,0.0,1.0,0.0,0.0,36,156,0.5,0.08,0.03,0.01,0.0,0.0,0.0,0.0,normal
0,tcp,private,S0,0,0,0,0,0,0,0,0,0,0,0,0,0,0,0,0,0,0,65,3,1.0,1.0,0.0,0.0,0.05,0.08,0.0,23,3,0.13,0.13,0.04,0.0,1.0,1.0,0.0,0.0,neptune
0,tcp,http,SF,331,1288,0,0,0,0,0,1,0,0,0,0,0,0,0,0,0,0,26,63,0.0,0.0,0.0,0.0,1.0,0.0,0.03,255,255,1.0,0.0,0.0,0.0,0.0,0.0,0.0,0.0,normal
0,tcp,rje,S0,0,0,0,0,0,0,0,0,0,0,0,0,0,0,0,0,0,0,212,11,1.0,1.0,0.0,0.0,0.05,0.06,0.0,255,11,0.04,0.06,0.0,0.0,1.0,1.0,0.0,0.0,neptune
0,icmp,eco_i,SF,30,0,0,0,0,0,0,0,0,0,0,0,0,0,0,0,0,0,1,1,0.0,0.0,0.0,0.0,1.0,0.0,0.0,23,23,1.0,0.0,1.0,0.0,0.0,0.0,0.0,0.0,normal
0,tcp,http,SF,235,327,0,0,0,0,0,1,0,0,0,0,0,0,0,0,0,0,4,32,0.0,0.0,0.0,0.0,1.0,0.0,0.19,61,255,1.0,0.0,0.02,0.01,0.0,0.0,0.0,0.0,normal
0,tcp,uucp,S0,0,0,0,0,0,0,0,0,0,0,0,0,0,0,0,0,0,0,127,4,1.0,1.0,0.0,0.0,0.03,0.06,0.0,255,6,0.02,0.06,0.0,0.0,1.0,1.0,0.0,0.0,neptune
0,udp,private,SF,105,147,0,0,0,0,0,0,0,0,0,0,0,0,0,0,0,0,6,1,0.0,0.0,0.0,0.0,0.17,0.33,0.0,255,238,0.93,0.01,0.0,0.0,0.0,0.0,0.0,0.0,normal
0,tcp,ftp_data,SF,768,0,0,0,0,0,0,1,0,0,0,0,0,0,0,0,0,0,9,9,0.0,0.0,0.0,0.0,1.0,0.0,0.0,15,15,1.0,0.0,1.0,0.0,0.0,0.0,0.0,0.0,normal
0,tcp,ftp,RSTO,0,0,0,0,0,0,0,0,0,0,0,0,0,0,0,0,0,0,278,9,0.0,0.0,1.0,1.0,0.03,0.06,0.0,255,9,0.04,0.07,0.0,0.0,0.0,0.0,1.0,1.0,neptune
1,tcp,smtp,SF,709,335,0,0,0,0,0,1,0,0,0,0,0,0,0,0,0,0,1,2,0.0,0.0,0.0,0.0,1.0,0.0,1.0,57,138,0.32,0.07,0.02,0.01,0.02,0.01,0.0,0.0,normal
0,icmp,eco_i,SF,8,0,0,0,0,0,0,0,0,0,0,0,0,0,0,0,0,0,1,40,0.0,0.0,0.0,0.0,1.0,0.0,1.0,2,154,1.0,0.0,1.0,0.5,0.0,0.0,0.0,0.0,ipsweep
0,tcp,private,S0,0,0,0,0,0,0,0,0,0,0,0,0,0,0,0,0,0,0,208,11,1.0,1.0,0.0,0.0,0.05,0.07,0.0,255,7,0.03,0.07,0.0,0.0,1.0,1.0,0.0,0.0,neptune
0,tcp,http,SF,262,7714,0,0,0,0,0,1,0,0,0,0,0,0,0,0,0,0,1,4,0.0,0.0,0.0,0.0,1.0,0.0,0.5,2,255,1.0,0.0,0.5,0.03,0.0,0.0,0.0,0.0,normal
0,tcp,private,S0,0,0,0,0,0,0,0,0,0,0,0,0,0,0,0,0,0,0,289,19,1.0,1.0,0.0,0.0,0.07,0.06,0.0,255,19,0.07,0.07,0.0,0.0,1.0,1.0,0.0,0.0,neptune
0,tcp,telnet,S0,0,0,0,0,0,0,0,0,0,0,0,0,0,0,0,0,0,0,4,3,1.0,1.0,0.0,0.0,0.75,0.5,0.0,204,44,0.21,0.02,0.01,0.05,1.0,0.98,0.0,0.0,neptune
0,udp,domain_u,SF,42,75,0,0,0,0,0,0,0,0,0,0,0,0,0,0,0,0,152,154,0.0,0.0,0.0,0.0,1.0,0.0,0.01,255,225,0.88,0.01,0.0,0.0,0.0,0.0,0.0,0.0,normal
0,tcp,http,SF,229,2030,0,0,0,0,0,1,0,0,0,0,0,0,0,0,0,0,2,2,0.0,0.0,0.0,0.0,1.0,0.0,0.0,255,255,1.0,0.0,0.0,0.0,0.0,0.0,0.0,0.0,normal
0,udp,domain_u,SF,44,78,0,0,0,0,0,0,0,0,0,0,0,0,0,0,0,0,128,128,0.0,0.0,0.0,0.0,1.0,0.0,0.0,255,254,1.0,0.01,0.0,0.0,0.0,0.0,0.0,0.0,normal
0,tcp,http,SF,208,473,0,0,0,0,0,1,0,0,0,0,0,0,0,0,0,0,30,31,0.0,0.0,0.0,0.0,1.0,0.0,0.06,30,255,1.0,0.0,0.03,0.03,0.0,0.0,0.0,0.0,normal
0,tcp,http,SF,237,7542,0,0,0,4,0,1,4,0,0,0,0,0,0,0,0,0,2,2,0.0,0.0,0.0,0.0,1.0,0.0,0.0,96,255,1.0,0.0,0.01,0.02,0.0,0.0,0.0,0.0,normal
0,tcp,Z39_50,S0,0,0,0,0,0,0,0,0,0,0,0,0,0,0,0,0,0,0,201,16,1.0,1.0,0.0,0.0,0.08,0.05,0.0,255,20,0.08,0.07,0.0,0.0,1.0,1.0,0.0,0.0,neptune
0,tcp,http,SF,248,766,0,0,0,0,0,1,0,0,0,0,0,0,0,0,0,0,8,13,0.0,0.0,0.0,0.0,1.0,0.0,0.38,255,255,1.0,0.0,0.0,0.0,0.0,0.0,0.0,0.0,normal
0,tcp,ftp_data,SF,740,0,0,0,0,0,0,0,0,0,0,0,0,0,0,0,0,0,2,4,0.0,0.0,0.0,0.0,1.0,0.0,0.5,43,6,0.14,0.09,0.14,0.0,0.0,0.0,0.0,0.0,normal
0,tcp,courier,S0,0,0,0,0,0,0,0,0,0,0,0,0,0,0,0,0,0,0,110,12,1.0,1.0,0.0,0.0,0.11,0.08,0.0,255,12,0.05,0.07,0.0,0.0,1.0,1.0,0.0,0.0,neptune
0,tcp,telnet,RSTO,0,0,0,0,0,0,0,0,0,0,0,0,0,0,0,0,0,0,210,1,0.0,0.0,1.0,1.0,0.0,0.07,0.0,255,1,0.0,0.07,0.0,0.0,0.0,0.0,1.0,1.0,neptune
0,tcp,http,SF,304,8497,0,0,0,0,0,1,0,0,0,0,0,0,0,0,0,0,12,25,0.0,0.0,0.0,0.0,1.0,0.0,0.12,255,255,1.0,0.0,0.0,0.0,0.0,0.0,0.0,0.0,normal
0,tcp,http,REJ,0,0,0,0,0,0,0,0,0,0,0,0,0,0,0,0,0,0,29,29,0.0,0.0,0.83,0.83,1.0,0.0,0.0,64,253,1.0,0.0,0.02,0.15,0.0,0.0,0.92,0.98,normal
0,tcp,http,SF,260,2090,0,0,0,0,0,1,0,0,0,0,0,0,0,0,0,0,22,22,0.0,0.0,0.0,0.0,1.0,0.0,0.0,235,255,1.0,0.0,0.01,0.02,0.0,0.0,0.0,0.0,normal
0,icmp,ecr_i,SF,1032,0,0,0,0,0,0,0,0,0,0,0,0,0,0,0,0,0,511,511,0.0,0.0,0.0,0.0,1.0,0.0,0.0,255,105,0.41,0.19,0.41,0.0,0.0,0.0,0.0,0.0,smurf
0,tcp,iso_tsap,S0,0,0,0,0,0,0,0,0,0,0,0,0,0,0,0,0,0,0,277,20,1.0,1.0,0.0,0.0,0.07,0.06,0.0,255,20,0.08,0.07,0.0,0.0,1.0,1.0,0.0,0.0,neptune
0,tcp,http,SF,215,449,0,0,0,0,0,1,0,0,0,0,0,0,0,0,0,0,2,17,0.0,0.06,0.0,0.0,1.0,0.0,0.29,99,102,1.0,0.0,0.01,0.02,0.0,0.0,0.0,0.0,normal
0,icmp,urp_i,SF,78,0,0,0,0,0,0,0,0,0,0,0,0,0,0,0,0,0,14,2,0.0,0.0,0.0,0.0,0.14,0.14,0.0,255,18,0.07,0.01,0.07,0.0,0.0,0.0,0.0,0.0,normal
2,tcp,echo,SF,6,6,0,0,0,0,0,1,0,0,0,0,0,0,0,0,0,0,57,1,0.0,0.0,0.93,0.0,0.02,1.0,0.0,175,1,0.01,0.39,0.01,0.0,0.0,0.0,0.32,0.0,satan
0,udp,domain_u,SF,44,75,0,0,0,0,0,0,0,0,0,0,0,0,0,0,0,0,270,270,0.0,0.0,0.0,0.0,1.0,0.01,0.01,255,254,1.0,0.01,0.0,0.0,0.0,0.0,0.0,0.0,normal
0,tcp,http,SF,325,930,0,0,0,0,0,1,0,0,0,0,0,0,0,0,0,0,9,10,0.0,0.0,0.0,0.0,1.0,0.0,0.2,255,255,1.0,0.0,0.0,0.0,0.0,0.0,0.0,0.0,normal
0,tcp,ftp_data,SF,7233,0,0,0,0,0,0,1,0,0,0,0,0,0,0,0,0,0,9,9,0.0,0.0,0.0,0.0,1.0,0.0,0.0,58,53,0.26,0.09,0.26,0.04,0.0,0.02,0.0,0.0,normal
0,tcp,finger,SF,8,222,0,0,0,0,0,0,0,0,0,0,0,0,0,0,0,0,1,1,0.0,0.0,0.0,0.0,1.0,0.0,0.0,250,13,0.05,0.02,0.0,0.0,0.0,0.0,0.04,0.08,normal
0,tcp,http,SF,186,19509,0,0,0,0,0,1,0,0,0,0,0,0,0,0,0,0,2,2,0.0,0.0,0.0,0.0,1.0,0.0,0.0,2,255,1.0,0.0,0.5,0.08,0.0,0.0,0.0,0.0,normal
0,udp,other,SF,516,4,0,0,0,0,0,0,0,0,0,0,0,0,0,0,0,0,339,339,0.0,0.0,0.0,0.0,1.0,0.0,0.0,255,255,1.0,0.0,1.0,0.0,0.0,0.0,0.0,0.0,normal
0,tcp,http,SF,281,417,0,0,0,0,0,1,0,0,0,0,0,0,0,0,0,0,6,14,0.0,0.0,0.0,0.0,1.0,0.0,0.21,6,255,1.0,0.0,0.17,0.01,0.0,0.0,0.0,0.0,normal
0,tcp,ftp_data,SF,5558,0,0,0,0,0,0,0,0,0,0,0,0,0,0,0,0,0,11,12,0.0,0.0,0.0,0.0,1.0,0.0,0.17,61,78,0.49,0.08,0.36,0.03,0.0,0.0,0.03,0.0,normal
0,tcp,private,REJ,0,0,0,0,0,0,0,0,0,0,0,0,0,0,0,0,0,0,394,1,0.0,0.0,1.0,1.0,0.0,0.52,0.0,255,1,0.0,0.52,1.0,0.0,0.0,0.0,1.0,1.0,portsweep
0,udp,domain_u,SF,45,45,0,0,0,0,0,0,0,0,0,0,0,0,0,0,0,0,48,129,0.0,0.0,0.0,0.0,1.0,0.0,0.02,255,255,1.0,0.0,0.01,0.0,0.0,0.0,0.0,0.0,normal
0,tcp,http,REJ,0,0,0,0,0,0,0,0,0,0,0,0,0,0,0,0,0,0,1,1,0.0,0.0,1.0,1.0,1.0,0.0,0.0,62,130,1.0,0.0,0.02,0.14,0.0,0.0,1.0,1.0,normal
0,tcp,ftp_data,SF,641,0,0,0,0,0,0,1,0,0,0,0,0,0,0,0,0,0,2,2,0.0,0.0,0.0,0.0,1.0,0.0,0.0,108,56,0.1,0.16,0.19,0.04,0.03,0.02,0.0,0.0,normal
0,tcp,efs,REJ,0,0,0,0,0,0,0,0,0,0,0,0,0,0,0,0,0,0,116,7,0.0,0.0,1.0,1.0,0.06,0.06,0.0,255,7,0.03,0.07,0.0,0.0,0.0,0.0,1.0,1.0,neptune
0,tcp,ctf,S0,0,0,0,0,0,0,0,0,0,0,0,0,0,0,0,0,0,0,220,16,1.0,1.0,0.0,0.0,0.07,0.06,0.0,255,16,0.06,0.07,0.0,0.0,1.0,1.0,0.0,0.0,neptune
0,tcp,http,SF,285,266,0,0,0,0,0,1,0,0,0,0,0,0,0,0,0,0,10,13,0.0,0.0,0.0,0.0,1.0,0.0,0.31,255,255,1.0,0.0,0.0,0.0,0.0,0.0,0.0,0.0,normal
0,tcp,private,S0,0,0,0,0,0,0,0,0,0,0,0,0,0,0,0,0,0,0,147,18,1.0,1.0,0.0,0.0,0.12,0.07,0.0,255,18,0.07,0.07,0.0,0.0,1.0,1.0,0.0,0.0,neptune
0,icmp,eco_i,SF,8,0,0,0,0,0,0,0,0,0,0,0,0,0,0,0,0,0,1,42,0.0,0.0,0.0,0.0,1.0,0.0,1.0,2,144,1.0,0.0,1.0,0.5,0.0,0.0,0.0,0.0,ipsweep
0,tcp,http,SF,214,961,0,0,0,0,0,1,0,0,0,0,0,0,0,0,0,0,13,16,0.0,0.0,0.0,0.0,1.0,0.0,0.25,13,255,1.0,0.0,0.08,0.06,0.0,0.0,0.0,0.0,normal
0,udp,domain_u,SF,45,136,0,0,0,0,0,0,0,0,0,0,0,0,0,0,0,0,65,147,0.0,0.0,0.0,0.0,0.98,0.03,0.02,255,190,0.75,0.02,0.0,0.0,0.0,0.0,0.0,0.0,normal
0,tcp,http,SF,213,1116,0,0,0,0,0,1,0,0,0,0,0,0,0,0,0,0,54,60,0.0,0.0,0.0,0.0,1.0,0.0,0.07,255,255,1.0,0.0,0.0,0.0,0.0,0.0,0.0,0.0,normal
0,tcp,smtp,SF,1809,325,0,0,0,0,0,1,0,0,0,0,0,0,0,0,0,0,1,2,0.0,0.0,0.0,0.0,1.0,0.0,1.0,16,90,0.81,0.25,0.06,0.03,0.0,0.0,0.0,0.0,normal
0,tcp,private,S0,0,0,0,0,0,0,0,0,0,0,0,0,0,0,0,0,0,0,28,4,1.0,1.0,0.0,0.0,0.14,0.21,0.0,255,12,0.05,0.08,0.0,0.0,1.0,1.0,0.0,0.0,neptune
0,tcp,private,S0,0,0,0,0,0,0,0,0,0,0,0,0,0,0,0,0,0,0,99,15,1.0,1.0,0.0,0.0,0.15,0.06,0.0,255,4,0.02,0.07,0.0,0.0,1.0,1.0,0.0,0.0,neptune
0,tcp,ssh,S0,0,0,0,0,0,0,0,0,0,0,0,0,0,0,0,0,0,0,266,19,1.0,1.0,0.0,0.0,0.07,0.05,0.0,255,19,0.07,0.05,0.0,0.0,1.0,1.0,0.0,0.0,neptune
0,tcp,http,SF,162,4937,0,0,0,0,0,1,0,0,0,0,0,0,0,0,0,0,2,2,0.0,0.0,0.0,0.0,1.0,0.0,0.0,18,255,1.0,0.0,0.06,0.04,0.0,0.0,0.0,0.0,normal
0,tcp,klogin,S0,0,0,0,0,0,0,0,0,0,0,0,0,0,0,0,0,0,0,143,14,1.0,1.0,0.0,0.0,0.1,0.06,0.0,255,14,0.05,0.06,0.0,0.0,1.0,1.0,0.0,0.0,neptune
0,tcp,private,REJ,0,0,0,0,0,0,0,0,0,0,0,0,0,0,0,0,0,0,459,1,0.05,0.0,0.94,1.0,0.0,1.0,0.0,255,1,0.0,1.0,0.0,0.0,0.08,0.0,0.92,1.0,satan
0,tcp,http,SF,212,1227,0,0,0,0,0,1,0,0,0,0,0,0,0,0,0,0,3,4,0.0,0.0,0.0,0.0,1.0,0.0,0.5,81,81,1.0,0.0,0.01,0.0,0.0,0.0,0.0,0.0,normal
0,tcp,ftp_data,SF,190,0,0,0,0,0,0,1,0,0,0,1,0,0,0,0,0,0,2,2,0.0,0.0,0.0,0.0,1.0,0.0,0.0,255,2,0.01,0.6,0.01,0.0,0.0,0.0,0.0,0.0,normal
0,tcp,login,S0,0,0,0,0,0,0,0,0,0,0,0,0,0,0,0,0,0,0,104,20,1.0,1.0,0.0,0.0,0.19,0.06,0.0,255,20,0.08,0.07,0.0,0.0,1.0,1.0,0.0,0.0,neptune
0,tcp,http_443,S0,0,0,0,0,0,0,0,0,0,0,0,0,0,0,0,0,0,0,121,2,1.0,1.0,0.0,0.0,0.02,0.07,0.0,255,2,0.01,0.07,0.0,0.0,1.0,1.0,0.0,0.0,neptune
0,tcp,http,SF,226,943,0,0,0,0,0,1,0,0,0,0,0,0,0,0,0,0,8,8,0.0,0.0,0.0,0.0,1.0,0.0,0.0,42,255,1.0,0.0,0.02,0.02,0.07,0.01,0.0,0.01,normal
0,tcp,private,S0,0,0,0,0,0,0,0,0,0,0,0,0,0,0,0,0,0,0,111,9,1.0,1.0,0.0,0.0,0.08,0.07,0.0,255,9,0.04,0.08,0.0,0.0,1.0,1.0,0.0,0.0,neptune
0,tcp,exec,S0,0,0,0,0,0,0,0,0,0,0,0,0,0,0,0,0,0,0,142,14,1.0,1.0,0.0,0.0,0.1,0.06,0.0,255,14,0.05,0.06,0.0,0.0,1.0,1.0,0.0,0.0,neptune
0,tcp,courier,RSTR,0,0,0,0,0,0,0,0,0,0,0,0,0,0,0,0,0,0,1,1,0.0,0.0,1.0,1.0,1.0,0.0,0.0,255,1,0.0,0.72,1.0,0.0,0.0,0.0,1.0,1.0,portsweep
0,tcp,http,SF,313,5294,0,0,0,0,0,1,0,0,0,0,0,0,0,0,0,0,4,4,0.0,0.0,0.0,0.0,1.0,0.0,0.0,42,255,1.0,0.0,0.02,0.03,0.0,0.0,0.0,0.0,normal
0,tcp,smtp,SF,1247,332,0,0,0,0,0,1,0,0,0,0,0,0,0,0,0,0,1,1,0.0,0.0,0.0,0.0,1.0,0.0,0.0,41,166,0.63,0.15,0.02,0.02,0.0,0.0,0.0,0.0,normal
0,tcp,shell,S0,0,0,0,0,0,0,0,0,0,0,0,0,0,0,0,0,0,0,120,1,1.0,1.0,0.0,0.0,0.01,0.07,0.0,255,1,0.0,0.06,0.0,0.0,1.0,1.0,0.0,0.0,neptune
0,tcp,http,SF,331,3437,0,0,0,0,0,1,0,0,0,0,0,0,0,0,0,0,5,5,0.0,0.0,0.0,0.0,1.0,0.0,0.0,242,255,1.0,0.0,0.0,0.01,0.0,0.0,0.0,0.0,normal
0,tcp,http,SF,153,338,0,0,0,0,0,1,0,0,0,0,0,0,0,0,0,0,2,2,0.0,0.0,0.0,0.0,1.0,0.0,0.0,2,255,1.0,0.0,0.5,0.03,0.0,0.0,0.0,0.0,normal
0,tcp,time,S0,0,0,0,0,0,0,0,0,0,0,0,0,0,0,0,0,0,0,240,12,1.0,1.0,0.0,0.0,0.05,0.06,0.0,255,12,0.05,0.07,0.0,0.0,1.0,1.0,0.0,0.0,neptune
0,udp,private,SF,1,0,0,0,0,0,0,0,0,0,0,0,0,0,0,0,0,0,29,3,0.0,0.0,0.0,0.0,0.1,0.1,0.0,255,8,0.03,0.81,0.21,0.0,0.16,0.0,0.64,0.0,satan
1,tcp,smtp,SF,1079,334,0,0,0,0,0,1,0,0,0,0,1,0,0,0,0,0,1,1,0.0,0.0,0.0,0.0,1.0,0.0,0.0,138,167,0.57,0.03,0.01,0.01,0.0,0.0,0.0,0.0,normal
0,udp,domain_u,SF,33,93,0,0,0,0,0,0,0,0,0,0,0,0,0,0,0,0,2,2,0.0,0.0,0.0,0.0,1.0,0.0,0.0,255,251,0.98,0.01,0.0,0.0,0.0,0.0,0.0,0.0,normal
0,tcp,private,S0,0,0,0,0,0,0,0,0,0,0,0,0,0,0,0,0,0,0,133,11,1.0,1.0,0.0,0.0,0.08,0.08,0.0,255,14,0.05,0.07,0.0,0.0,1.0,1.0,0.0,0.0,neptune
0,tcp,http,SF,307,1992,0,0,0,0,0,1,0,0,0,0,0,0,0,0,0,0,12,16,0.0,0.0,0.0,0.0,1.0,0.0,0.12,59,157,1.0,0.0,0.02,0.01,0.0,0.0,0.0,0.0,normal
0,tcp,http,SF,146,391,0,0,0,0,0,1,0,0,0,0,0,0,0,0,0,0,1,2,0.0,0.0,0.0,0.0,1.0,0.0,1.0,3,255,1.0,0.0,0.33,0.02,0.0,0.0,0.33,0.03,normal
0,tcp,http,SF,350,255,0,0,0,0,0,1,0,0,0,0,0,0,0,0,0,0,9,9,0.0,0.0,0.0,0.0,1.0,0.0,0.0,72,255,1.0,0.0,0.01,0.03,0.0,0.0,0.0,0.0,normal
0,tcp,csnet_ns,S0,0,0,0,0,0,0,0,0,0,0,0,0,0,0,0,0,0,0,260,20,1.0,1.0,0.0,0.0,0.08,0.06,0.0,255,20,0.08,0.07,0.0,0.0,1.0,1.0,0.0,0.0,neptune
0,tcp,hostnames,S0,0,0,0,0,0,0,0,0,0,0,0,0,0,0,0,0,0,0,234,11,1.0,1.0,0.0,0.0,0.05,0.07,0.0,255,11,0.04,0.07,0.0,0.0,1.0,1.0,0.0,0.0,neptune
0,icmp,eco_i,SF,8,0,0,0,0,0,0,0,0,0,0,0,0,0,0,0,0,0,1,52,0.0,0.0,0.0,0.0,1.0,0.0,1.0,4,192,1.0,0.0,1.0,0.25,0.0,0.0,0.0,0.0,nmap
0,tcp,exec,S0,0,0,0,0,0,0,0,0,0,0,0,0,0,0,0,0,0,0,142,17,1.0,1.0,0.0,0.0,0.12,0.06,0.0,255,17,0.07,0.07,0.0,0.0,1.0,1.0,0.0,0.0,neptune
0,tcp,ftp_data,SF,4539,0,0,0,0,0,0,0,0,0,0,0,0,0,0,0,0,0,21,21,0.0,0.0,0.0,0.0,1.0,0.0,0.0,171,59,0.35,0.02,0.35,0.0,0.0,0.0,0.0,0.0,normal
0,tcp,csnet_ns,REJ,0,0,0,0,0,0,0,0,0,0,0,0,0,0,0,0,0,0,259,10,0.0,0.0,1.0,1.0,0.04,0.07,0.0,255,10,0.04,0.07,0.0,0.0,0.0,0.0,1.0,1.0,neptune
0,udp,domain_u,SF,44,71,0,0,0,0,0,0,0,0,0,0,0,0,0,0,0,0,134,134,0.0,0.0,0.0,0.0,1.0,0.0,0.0,255,254,1.0,0.01,0.0,0.0,0.0,0.0,0.0,0.0,normal
0,tcp,private,S0,0,0,0,0,0,0,0,0,0,0,0,0,0,0,0,0,0,0,146,17,1.0,1.0,0.0,0.0,0.12,0.06,0.0,255,12,0.05,0.06,0.0,0.0,1.0,1.0,0.0,0.0,neptune
0,udp,domain_u,SF,44,127,0,0,0,0,0,0,0,0,0,0,0,0,0,0,0,0,43,109,0.0,0.0,0.0,0.0,1.0,0.0,0.02,255,255,1.0,0.0,0.0,0.0,0.0,0.0,0.0,0.0,normal
0,tcp,http,SF,325,5583,0,0,0,0,0,1,0,0,0,0,0,0,0,0,0,0,2,2,0.0,0.0,0.0,0.0,1.0,0.0,0.0,50,255,1.0,0.0,0.02,0.03,0.0,0.0,0.0,0.0,normal
0,tcp,http,SF,289,3428,0,0,0,0,0,1,0,0,0,0,0,0,0,0,0,0,1,25,0.0,0.0,0.0,0.0,1.0,0.0,0.08,72,255,1.0,0.0,0.01,0.02,0.0,0.0,0.0,0.0,normal
0,tcp,private,REJ,0,0,0,0,0,0,0,0,0,0,0,0,0,0,0,0,0,0,122,4,0.0,0.0,1.0,1.0,0.03,0.07,0.0,255,12,0.05,0.07,0.0,0.0,0.0,0.0,1.0,1.0,neptune
0,tcp,Z39_50,S0,0,0,0,0,0,0,0,0,0,0,0,0,0,0,0,0,0,0,231,1,1.0,1.0,0.0,0.0,0.0,0.07,0.0,255,1,0.0,0.07,0.0,0.0,1.0,1.0,0.0,0.0,neptune
0,tcp,http,SF,221,1367,0,0,0,0,0,1,0,0,0,0,0,0,0,0,0,0,3,3,0.0,0.0,0.0,0.0,1.0,0.0,0.0,55,255,1.0,0.0,0.02,0.04,0.0,0.0,0.0,0.0,normal
0,icmp,eco_i,SF,30,0,0,0,0,0,0,0,0,0,0,0,0,0,0,0,0,0,1,1,0.0,0.0,0.0,0.0,1.0,0.0,0.0,255,5,0.02,0.01,0.17,0.0,0.0,0.0,0.0,0.0,normal
0,tcp,http,SF,233,279,0,0,0,0,0,1,0,0,0,0,0,0,0,0,0,0,2,3,0.0,0.0,0.0,0.0,1.0,0.0,0.67,151,255,1.0,0.0,0.01,0.03,0.0,0.0,0.0,0.0,normal
0,tcp,private,REJ,0,0,0,0,0,0,0,0,0,0,0,0,0,0,0,0,0,0,123,1,0.01,0.0,0.92,1.0,0.01,1.0,0.0,255,1,0.0,0.49,0.0,0.0,0.0,0.0,0.45,1.0,satan
2,tcp,smtp,SF,1452,330,0,0,0,0,0,1,0,0,0,0,0,0,0,0,0,0,1,2,0.0,0.0,0.0,0.0,1.0,0.0,1.0,115,78,0.68,0.03,0.01,0.0,0.01,0.01,0.0,0.0,normal
0,tcp,efs,S0,0,0,0,0,0,0,0,0,0,0,0,0,0,0,0,0,0,0,510,1,0.2,1.0,0.79,0.0,0.0,1.0,0.0,255,1,0.0,1.0,0.0,0.0,0.2,1.0,0.78,0.0,satan
0,tcp,auth,SF,10,38,0,0,0,0,0,1,0,0,0,0,0,0,0,0,0,0,1,1,0.0,0.0,0.0,0.0,1.0,0.0,0.0,28,9,0.04,0.07,0.04,0.22,0.0,0.0,0.0,0.0,normal
0,tcp,http,SF,54540,8314,0,0,0,2,0,1,1,0,0,0,0,0,0,0,0,0,5,5,0.0,0.0,0.0,0.0,1.0,0.0,0.0,109,109,1.0,0.0,0.01,0.0,0.0,0.0,0.05,0.05,back
0,tcp,http,REJ,0,0,0,0,0,0,0,0,0,0,0,0,0,0,0,0,0,0,1,1,0.0,0.0,1.0,1.0,1.0,0.0,0.0,3,255,1.0,0.0,0.33,0.15,0.0,0.0,1.0,0.98,normal
0,tcp,telnet,S0,0,0,0,0,0,0,0,0,0,0,0,0,0,0,0,0,0,0,39,10,1.0,1.0,0.0,0.0,0.26,0.1,0.0,255,44,0.17,0.04,0.01,0.0,1.0,1.0,0.0,0.0,neptune
0,tcp,http,SF,318,2462,0,0,0,0,0,1,0,0,0,0,0,0,0,0,0,0,4,7,0.0,0.0,0.0,0.0,1.0,0.0,0.43,90,255,1.0,0.0,0.01,0.05,0.0,0.0,0.0,0.0,normal
0,tcp,telnet,RSTO,0,0,0,0,0,0,0,0,0,0,0,0,0,0,0,0,0,0,275,8,0.0,0.0,1.0,1.0,0.03,0.06,0.0,255,8,0.03,0.07,0.0,0.0,0.0,0.0,1.0,1.0,neptune
0,tcp,http,SF,301,310,0,0,0,0,0,1,0,0,0,0,0,0,0,0,0,0,11,13,0.0,0.0,0.0,0.0,1.0,0.0,0.23,11,255,1.0,0.0,0.09,0.02,0.0,0.0,0.0,0.0,normal
7055,tcp,IRC,RSTR,737,9178,0,0,0,0,0,1,0,0,0,0,0,0,0,0,0,0,1,1,0.0,0.0,1.0,1.0,1.0,0.0,0.0,11,7,0.64,0.18,0.09,0.0,0.09,0.14,0.55,0.86,normal
1,tcp,smtp,SF,1444,330,0,0,0,0,0,1,0,0,0,0,0,0,0,0,0,0,1,2,0.0,0.0,0.0,0.0,1.0,0.0,1.0,202,186,0.77,0.02,0.0,0.01,0.0,0.0,0.0,0.0,normal
0,tcp,private,S0,0,0,0,0,0,0,0,0,0,0,0,0,0,0,0,0,0,0,205,6,1.0,1.0,0.0,0.0,0.03,0.05,0.0,255,6,0.02,0.05,0.0,0.0,1.0,1.0,0.0,0.0,neptune
1836,udp,other,SF,147,105,0,0,0,0,0,0,0,0,0,0,0,0,0,0,0,0,1,1,0.0,0.0,0.0,0.0,1.0,0.0,0.0,255,1,0.0,0.56,0.86,0.0,0.0,0.0,0.0,0.0,normal
0,icmp,ecr_i,SF,1480,0,0,1,0,0,0,0,0,0,0,0,0,0,0,0,0,0,2,4,0.0,0.0,0.0,0.0,1.0,0.0,0.5,2,16,1.0,0.0,1.0,0.5,0.0,0.0,0.0,0.0,pod
632,tcp,telnet,SF,522,8496,0,0,0,3,0,1,5,0,0,5,5,2,0,0,0,0,1,1,0.0,0.0,0.0,0.0,1.0,0.0,0.0,24,6,0.25,0.17,0.04,0.0,0.12,0.5,0.0,0.0,normal
0,udp,private,SF,100,0,0,0,0,0,0,0,0,0,0,0,0,0,0,0,0,0,2,2,0.0,0.0,0.0,0.0,1.0,0.0,0.0,229,39,0.17,0.01,0.17,0.0,0.0,0.0,0.0,0.0,nmap
0,tcp,other,SF,59,0,0,0,0,0,0,1,0,0,0,0,0,0,0,0,0,0,16,1,0.06,0.0,0.0,0.0,0.06,0.38,0.0,129,1,0.01,0.08,0.17,0.0,0.03,0.0,0.0,0.0,normal
0,icmp,eco_i,SF,8,0,0,0,0,0,0,0,0,0,0,0,0,0,0,0,0,0,1,13,0.0,0.0,0.0,0.0,1.0,0.0,1.0,1,97,1.0,0.0,1.0,0.26,0.0,0.0,0.0,0.0,nmap
0,udp,domain_u,SF,42,42,0,0,0,0,0,0,0,0,0,0,0,0,0,0,0,0,13,21,0.0,0.0,0.0,0.0,1.0,0.0,0.1,255,243,0.95,0.01,0.01,0.0,0.0,0.0,0.0,0.0,normal
0,icmp,ecr_i,SF,1032,0,0,0,0,0,0,0,0,0,0,0,0,0,0,0,0,0,47,47,0.0,0.0,0.0,0.0,1.0,0.0,0.0,255,255,1.0,0.0,1.0,0.0,0.0,0.0,0.0,0.0,smurf
0,udp,domain_u,SF,46,46,0,0,0,0,0,0,0,0,0,0,0,0,0,0,0,0,213,213,0.0,0.0,0.0,0.0,1.0,0.0,0.0,255,250,0.98,0.01,0.0,0.0,0.0,0.0,0.0,0.0,normal
0,tcp,imap4,S0,0,0,0,0,0,0,0,0,0,0,0,0,0,0,0,0,0,0,160,16,1.0,1.0,0.0,0.0,0.1,0.07,0.0,255,16,0.06,0.07,0.0,0.0,1.0,1.0,0.0,0.0,neptune
0,tcp,smtp,SF,13106,1429,0,0,0,0,0,1,0,0,0,0,0,0,0,0,0,0,1,1,0.0,0.0,0.0,0.0,1.0,0.0,0.0,230,137,0.5,0.01,0.0,0.01,0.0,0.0,0.0,0.0,normal
0,tcp,auth,S0,0,0,0,0,0,0,0,0,0,0,0,0,0,0,0,0,0,0,294,17,1.0,1.0,0.0,0.0,0.06,0.05,0.0,255,7,0.03,0.07,0.0,0.0,1.0,1.0,0.0,0.0,neptune
0,icmp,eco_i,SF,8,0,0,0,0,0,0,0,0,0,0,0,0,0,0,0,0,0,1,50,0.0,0.0,0.0,0.0,1.0,0.0,1.0,2,254,0.5,1.0,0.5,0.26,0.5,0.0,0.0,0.0,nmap
0,tcp,http,SF,152,5096,0,0,0,0,0,1,0,0,0,0,0,0,0,0,0,0,2,2,0.0,0.0,0.0,0.0,1.0,0.0,0.0,39,255,1.0,0.0,0.03,0.03,0.0,0.0,0.0,0.0,normal
0,tcp,http,SF,219,1357,0,0,0,0,0,1,0,0,0,0,0,0,0,0,0,0,10,17,0.0,0.0,0.0,0.0,1.0,0.0,0.18,13,255,1.0,0.0,0.08,0.02,0.0,0.0,0.0,0.0,normal
0,tcp,http,REJ,0,0,0,0,0,0,0,0,0,0,0,0,0,0,0,0,0,0,1,1,0.0,0.0,1.0,1.0,1.0,0.0,0.0,2,222,1.0,0.0,0.5,0.22,0.0,0.01,1.0,0.99,normal
0,tcp,http,SF,389,858,0,0,0,0,0,1,0,0,0,0,0,0,0,0,0,0,2,9,0.0,0.0,0.0,0.0,1.0,0.0,0.22,42,255,1.0,0.0,0.02,0.01,0.0,0.0,0.0,0.0,normal
0,tcp,http,SF,306,1694,0,0,0,0,0,1,0,0,0,0,0,0,0,0,0,0,5,5,0.0,0.0,0.0,0.0,1.0,0.0,0.0,255,255,1.0,0.0,0.0,0.0,0.01,0.01,0.0,0.0,normal
0,tcp,http,SF,376,245,0,0,0,0,0,1,0,0,0,0,0,0,0,0,0,0,5,6,0.0,0.0,0.0,0.0,1.0,0.0,0.33,6,255,1.0,0.0,0.17,0.02,0.0,0.0,0.0,0.0,normal
0,tcp,klogin,S0,0,0,0,0,0,0,0,0,0,0,0,0,0,0,0,0,0,0,100,11,1.0,1.0,0.0,0.0,0.11,0.07,0.0,255,5,0.02,0.07,0.0,0.0,1.0,1.0,0.0,0.0,neptune
0,tcp,hostnames,S0,0,0,0,0,0,0,0,0,0,0,0,0,0,0,0,0,0,0,172,1,1.0,1.0,0.0,0.0,0.01,0.08,0.0,255,1,0.0,0.07,0.0,0.0,1.0,1.0,0.0,0.0,neptune
0,icmp,ecr_i,SF,1032,0,0,0,0,0,0,0,0,0,0,0,0,0,0,0,0,0,511,511,0.0,0.0,0.0,0.0,1.0,0.0,0.0,255,134,0.53,0.02,0.53,0.0,0.01,0.0,0.0,0.0,smurf
0,icmp,eco_i,SF,8,0,0,0,0,0,0,0,0,0,0,0,0,0,0,0,0,0,1,11,0.0,0.0,0.0,0.0,1.0,0.0,1.0,2,46,1.0,0.0,1.0,0.5,0.0,0.0,0.0,0.0,ipsweep
0,tcp,http,REJ,0,0,0,0,0,0,0,0,0,0,0,0,0,0,0,0,0,0,1,1,0.0,0.0,1.0,1.0,1.0,0.0,0.0,37,248,1.0,0.0,0.03,0.16,0.0,0.0,1.0,1.0,normal
0,tcp,http,SF,328,4425,0,0,0,0,0,1,0,0,0,0,0,0,0,0,0,0,8,8,0.0,0.0,0.0,0.0,1.0,0.0,0.0,255,255,1.0,0.0,0.0,0.0,0.0,0.0,0.0,0.0,normal
0,tcp,courier,REJ,0,0,0,0,0,0,0,0,0,0,0,0,0,0,0,0,0,0,109,9,0.0,0.0,1.0,1.0,0.08,0.06,0.0,255,9,0.04,0.05,0.0,0.0,0.0,0.0,1.0,1.0,neptune
0,icmp,eco_i,SF,18,0,0,0,0,0,0,0,0,0,0,0,0,0,0,0,0,0,1,1,0.0,0.0,0.0,0.0,1.0,0.0,0.0,1,31,1.0,0.0,1.0,1.0,0.0,0.0,0.0,0.0,ipsweep
0,udp,private,SF,1,0,0,0,0,0,0,0,0,0,0,0,0,0,0,0,0,0,11,11,0.0,0.0,0.0,0.0,1.0,0.0,0.0,255,11,0.04,0.95,0.05,0.0,0.13,0.0,0.82,0.0,satan
0,tcp,http,SF,281,757,0,0,0,0,0,1,0,0,0,0,0,0,0,0,0,0,2,9,0.0,0.0,0.0,0.0,1.0,0.0,0.22,130,255,1.0,0.0,0.01,0.02,0.0,0.0,0.0,0.0,normal
0,tcp,http,SF,354,1590,0,0,0,0,0,1,0,0,0,0,0,0,0,0,0,0,14,14,0.0,0.0,0.0,0.0,1.0,0.0,0.0,255,255,1.0,0.0,0.0,0.0,0.0,0.0,0.0,0.0,normal
0,tcp,private,REJ,0,0,0,0,0,0,0,0,0,0,0,0,0,0,0,0,0,0,2,1,0.0,0.0,1.0,1.0,0.5,1.0,0.0,255,1,0.0,0.82,0.8,0.0,0.0,0.0,0.8,1.0,portsweep
0,tcp,http,SF,292,1896,0,0,0,0,0,1,0,0,0,0,0,0,0,0,0,0,3,3,0.0,0.0,0.0,0.0,1.0,0.0,0.0,3,255,1.0,0.0,0.33,0.01,0.0,0.0,0.0,0.0,normal
0,tcp,iso_tsap,REJ,0,0,0,0,0,0,0,0,0,0,0,0,0,0,0,0,0,0,122,7,0.0,0.0,1.0,1.0,0.06,0.07,0.0,255,7,0.03,0.07,0.0,0.0,0.0,0.0,1.0,1.0,neptune
5,tcp,smtp,SF,804,330,0,0,0,0,0,1,0,0,0,0,0,0,0,0,0,0,1,1,0.0,0.0,0.0,0.0,1.0,0.0,0.0,216,102,0.43,0.03,0.0,0.02,0.0,0.0,0.0,0.0,normal
0,tcp,hostnames,REJ,0,0,0,0,0,0,0,0,0,0,0,0,0,0,0,0,0,0,216,1,0.0,0.0,1.0,1.0,0.0,0.52,0.0,255,1,0.0,0.44,0.85,0.0,0.0,0.0,0.96,1.0,portsweep
0,icmp,eco_i,SF,8,0,0,0,0,0,0,0,0,0,0,0,0,0,0,0,0,0,1,40,0.0,0.0,0.0,0.0,1.0,0.0,1.0,2,74,1.0,0.0,1.0,0.5,0.0,0.0,0.0,0.0,ipsweep
0,tcp,http,SF,304,5419,0,0,0,0,0,1,0,0,0,0,0,0,0,0,0,0,7,7,0.0,0.0,0.0,0.0,1.0,0.0,0.0,255,255,1.0,0.0,0.0,0.0,0.0,0.0,0.0,0.0,normal
0,tcp,http,SF,230,480,0,0,0,0,0,1,0,0,0,0,0,0,0,0,0,0,12,40,0.0,0.03,0.0,0.0,1.0,0.0,0.12,188,255,1.0,0.0,0.01,0.01,0.0,0.0,0.0,0.0,normal
0,udp,domain_u,SF,41,41,0,0,0,0,0,0,0,0,0,0,0,0,0,0,0,0,150,232,0.0,0.0,0.0,0.0,1.0,0.0,0.02,255,254,1.0,0.01,0.01,0.0,0.0,0.0,0.0,0.0,normal
0,tcp,ftp_data,SF,0,20595,0,0,0,0,0,0,0,0,0,0,0,0,0,0,0,0,1,1,0.0,0.0,0.0,0.0,1.0,0.0,0.0,183,125,0.55,0.03,0.01,0.02,0.0,0.0,0.0,0.0,normal
0,tcp,http,SF,228,302,0,0,0,0,0,1,0,0,0,0,0,0,0,0,0,0,12,12,0.0,0.0,0.0,0.0,1.0,0.0,0.0,255,255,1.0,0.0,0.0,0.0,0.0,0.0,0.0,0.0,normal
0,icmp,ecr_i,SF,520,0,0,0,0,0,0,0,0,0,0,0,0,0,0,0,0,0,473,473,0.0,0.0,0.0,0.0,1.0,0.0,0.0,123,123,1.0,0.0,1.0,0.0,0.0,0.0,0.0,0.0,smurf
0,tcp,http,REJ,0,0,0,0,0,0,0,0,0,0,0,0,0,0,0,0,0,0,1,1,0.0,0.0,1.0,1.0,1.0,0.0,0.0,28,255,1.0,0.0,0.04,0.23,0.0,0.0,1.0,1.0,normal
550,udp,other,SF,147,105,0,0,0,0,0,0,0,0,0,0,0,0,0,0,0,0,1,1,0.0,0.0,0.0,0.0,1.0,0.0,0.0,255,1,0.0,0.65,0.95,0.0,0.0,0.0,0.0,0.0,normal
0,icmp,ecr_i,SF,520,0,0,0,0,0,0,0,0,0,0,0,0,0,0,0,0,0,439,439,0.0,0.0,0.0,0.0,1.0,0.0,0.0,232,232,1.0,0.0,1.0,0.0,0.0,0.0,0.0,0.0,smurf
0,tcp,http,SF,253,939,0,0,0,0,0,1,0,0,0,0,0,0,0,0,0,0,26,26,0.0,0.0,0.0,0.0,1.0,0.0,0.0,255,255,1.0,0.0,0.0,0.0,0.0,0.0,0.0,0.0,normal
7992,tcp,IRC,RSTR,744,9449,0,0,0,0,0,1,0,0,0,0,0,0,0,0,0,0,1,1,0.0,0.0,1.0,1.0,1.0,0.0,0.0,40,18,0.45,0.05,0.03,0.0,0.12,0.28,0.28,0.61,normal
0,tcp,http,SF,234,254,0,0,0,0,0,1,0,0,0,0,0,0,0,0,0,0,8,8,0.0,0.0,0.0,0.0,1.0,0.0,0.0,8,255,1.0,0.0,0.12,0.02,0.0,0.0,0.0,0.0,normal
0,tcp,bgp,S0,0,0,0,0,0,0,0,0,0,0,0,0,0,0,0,0,0,0,237,13,1.0,1.0,0.0,0.0,0.05,0.06,0.0,255,8,0.03,0.08,0.0,0.0,1.0,1.0,0.0,0.0,neptune
0,tcp,http,SF,195,40975,0,0,0,0,0,1,0,0,0,0,0,0,0,0,0,0,12,13,0.0,0.0,0.0,0.0,1.0,0.0,0.15,26,255,1.0,0.0,0.04,0.01,0.0,0.0,0.0,0.0,normal
0,tcp,http,REJ,0,0,0,0,0,0,0,0,0,0,0,0,0,0,0,0,0,0,1,1,0.0,0.0,1.0,1.0,1.0,0.0,0.0,36,253,1.0,0.0,0.03,0.16,0.0,0.0,1.0,0.98,normal
0,tcp,http,SF,312,1274,0,0,0,0,0,1,0,0,0,0,0,0,0,0,0,0,3,4,0.0,0.0,0.0,0.0,1.0,0.0,0.5,168,255,1.0,0.0,0.01,0.02,0.01,0.0,0.0,0.0,normal
1,tcp,ftp,SF,57,170,0,0,0,0,1,0,0,0,0,0,0,0,0,0,0,0,1,1,0.0,0.0,0.0,0.0,1.0,0.0,0.0,23,7,0.3,0.17,0.04,0.0,0.0,0.0,0.0,0.0,normal
0,tcp,private,S0,0,0,0,0,0,0,0,0,0,0,0,0,0,0,0,0,0,0,145,12,1.0,1.0,0.0,0.0,0.08,0.06,0.0,255,14,0.05,0.06,0.0,0.0,1.0,1.0,0.0,0.0,neptune
0,tcp,http,SF,243,896,0,0,0,0,0,1,0,0,0,0,0,0,0,0,0,0,22,22,0.0,0.0,0.0,0.0,1.0,0.0,0.0,255,255,1.0,0.0,0.0,0.0,0.0,0.0,0.0,0.0,normal
0,icmp,ecr_i,SF,1032,0,0,0,0,0,0,0,0,0,0,0,0,0,0,0,0,0,126,126,0.0,0.0,0.0,0.0,1.0,0.0,0.0,255,212,0.83,0.02,0.83,0.0,0.0,0.0,0.11,0.0,smurf
0,tcp,private,S0,0,0,0,0,0,0,0,0,0,0,0,0,0,0,0,0,0,0,100,3,1.0,1.0,0.0,0.0,0.03,0.1,0.0,255,3,0.01,0.09,0.0,0.0,1.0,1.0,0.0,0.0,neptune
0,tcp,http,SF,218,6459,0,0,0,0,0,1,0,0,0,0,0,0,0,0,0,0,1,1,0.0,0.0,0.0,0.0,1.0,0.0,0.0,1,255,1.0,0.0,1.0,0.01,0.0,0.0,0.0,0.0,normal
0,tcp,other,REJ,0,0,0,0,0,0,0,0,0,0,0,0,0,0,0,0,0,0,509,1,0.16,0.0,0.84,1.0,0.0,1.0,0.0,255,1,0.0,1.0,0.0,0.0,0.17,0.0,0.83,1.0,satan
0,icmp,eco_i,SF,8,0,0,0,0,0,0,0,0,0,0,0,0,0,0,0,0,0,1,22,0.0,0.0,0.0,0.0,1.0,0.0,1.0,1,255,1.0,0.0,1.0,0.5,0.0,0.0,0.0,0.0,ipsweep
0,tcp,http,SF,216,25078,0,0,0,0,0,1,0,0,0,0,0,0,0,0,0,0,3,41,0.0,0.0,0.0,0.0,1.0,0.0,0.05,9,254,1.0,0.0,0.11,0.07,0.0,0.0,0.0,0.0,normal
0,tcp,http,S0,0,0,0,0,0,0,0,0,0,0,0,0,0,0,0,0,0,0,4,3,1.0,1.0,0.0,0.0,0.75,0.5,0.0,246,63,0.26,0.02,0.0,0.0,0.99,1.0,0.0,0.0,neptune
0,udp,private,SF,1,0,0,0,0,0,0,0,0,0,0,0,0,0,0,0,0,0,54,27,0.0,0.0,0.0,0.0,0.5,0.07,0.0,255,93,0.36,0.06,1.0,0.0,0.0,0.0,0.0,0.0,satan
0,tcp,http,S0,0,0,0,0,0,0,0,0,0,0,0,0,0,0,0,0,0,0,287,12,1.0,1.0,0.0,0.0,0.04,0.06,0.0,255,12,0.05,0.07,0.0,0.0,1.0,1.0,0.0,0.0,neptune
0,tcp,http,SF,327,2566,0,0,0,0,0,1,0,0,0,0,0,0,0,0,0,0,5,5,0.2,0.2,0.0,0.0,1.0,0.0,0.0,22,255,1.0,0.0,0.05,0.02,0.05,0.01,0.0,0.0,normal
0,tcp,klogin,S0,0,0,0,0,0,0,0,0,0,0,0,0,0,0,0,0,0,0,139,1,1.0,1.0,0.0,0.0,0.01,0.06,0.0,255,1,0.0,0.07,0.0,0.0,1.0,1.0,0.0,0.0,neptune
0,tcp,http,SF,280,4045,0,0,0,0,0,1,0,0,0,0,0,0,0,0,0,0,10,28,0.0,0.0,0.0,0.0,1.0,0.0,0.07,10,215,1.0,0.0,0.1,0.01,0.0,0.01,0.0,0.01,normal
0,tcp,private,S0,0,0,0,0,0,0,0,0,0,0,0,0,0,0,0,0,0,0,72,4,1.0,1.0,0.0,0.0,0.06,0.08,0.0,255,4,0.02,0.06,0.0,0.0,1.0,1.0,0.0,0.0,neptune
0,tcp,http,SF,270,10333,0,0,0,0,0,1,0,0,0,0,0,0,0,0,0,0,3,16,0.0,0.0,0.0,0.0,1.0,0.0,0.12,157,255,1.0,0.0,0.01,0.03,0.01,0.01,0.0,0.0,normal
0,tcp,smtp,S0,0,0,0,0,0,0,0,0,0,0,0,0,0,0,0,0,0,0,104,24,1.0,1.0,0.0,0.0,0.23,0.06,0.0,255,6,0.02,0.06,0.0,0.0,1.0,1.0,0.0,0.0,neptune
0,udp,domain_u,SF,44,135,0,0,0,0,0,0,0,0,0,0,0,0,0,0,0,0,192,272,0.0,0.0,0.0,0.0,1.0,0.0,0.01,255,253,0.99,0.01,0.0,0.0,0.0,0.0,0.0,0.0,normal
0,tcp,http,REJ,0,0,0,0,0,0,0,0,0,0,0,0,0,0,0,0,0,0,1,1,0.0,0.0,1.0,1.0,1.0,0.0,0.0,33,166,1.0,0.0,0.03,0.2,0.0,0.0,1.0,1.0,normal
0,tcp,private,S0,0,0,0,0,0,0,0,0,0,0,0,0,0,0,0,0,0,0,123,12,1.0,1.0,0.0,0.0,0.1,0.05,0.0,255,9,0.04,0.07,0.0,0.0,1.0,1.0,0.0,0.0,neptune
0,tcp,http,SF,321,13233,0,0,0,0,0,1,0,0,0,0,0,0,0,0,0,0,2,10,0.0,0.0,0.0,0.0,1.0,0.0,0.5,111,255,1.0,0.0,0.01,0.01,0.0,0.0,0.0,0.0,normal
0,tcp,smtp,SF,790,336,0,0,0,0,0,1,0,0,0,0,0,0,0,0,0,0,1,1,0.0,0.0,0.0,0.0,1.0,0.0,0.0,190,145,0.48,0.02,0.01,0.01,0.01,0.0,0.0,0.0,normal
5058,tcp,ftp_data,SF,5133876,0,0,0,0,0,0,1,0,0,0,0,0,0,0,0,0,0,1,1,0.0,0.0,0.0,0.0,1.0,0.0,0.0,4,31,1.0,0.0,1.0,0.13,0.0,0.0,0.0,0.0,warezclient
0,tcp,http,SF,235,2613,0,0,0,0,0,1,0,0,0,0,0,0,0,0,0,0,10,10,0.0,0.0,0.0,0.0,1.0,0.0,0.0,255,255,1.0,0.0,0.0,0.0,0.0,0.0,0.0,0.0,normal
0,tcp,http,SF,343,1189,0,0,0,0,0,1,0,0,0,0,0,0,0,0,0,0,8,8,0.0,0.0,0.0,0.0,1.0,0.0,0.0,255,255,1.0,0.0,0.0,0.0,0.0,0.0,0.0,0.0,normal
0,tcp,http,SF,180,13176,0,0,0,0,0,1,0,0,0,0,0,0,0,0,0,0,1,7,0.0,0.0,0.0,0.0,1.0,0.0,0.29,109,255,1.0,0.0,0.01,0.02,0.0,0.0,0.0,0.0,normal
0,tcp,http,SF,181,10333,0,0,0,0,0,1,0,0,0,0,0,0,0,0,0,0,3,5,0.33,0.4,0.0,0.0,1.0,0.0,0.6,116,255,1.0,0.0,0.01,0.03,0.01,0.0,0.0,0.0,normal
0,tcp,supdup,S0,0,0,0,0,0,0,0,0,0,0,0,0,0,0,0,0,0,0,120,14,1.0,1.0,0.0,0.0,0.12,0.07,0.0,255,14,0.05,0.07,0.0,0.0,1.0,1.0,0.0,0.0,neptune
0,tcp,http,SF,207,9487,0,0,0,0,0,1,0,0,0,0,0,0,0,0,0,0,29,29,0.0,0.0,0.0,0.0,1.0,0.0,0.0,199,255,1.0,0.0,0.01,0.02,0.0,0.0,0.0,0.0,normal
0,icmp,eco_i,SF,8,0,0,0,0,0,0,0,0,0,0,0,0,0,0,0,0,0,1,37,0.0,0.0,0.0,0.0,1.0,0.0,1.0,2,41,1.0,0.0,1.0,0.27,0.0,0.0,0.0,0.0,nmap
0,tcp,uucp,S0,0,0,0,0,0,0,0,0,0,0,0,0,0,0,0,0,0,0,135,6,1.0,1.0,0.0,0.0,0.04,0.06,0.0,255,6,0.02,0.06,0.0,0.0,1.0,1.0,0.0,0.0,neptune
0,tcp,http,REJ,0,0,0,0,0,0,0,0,0,0,0,0,0,0,0,0,0,0,1,1,0.0,0.0,1.0,1.0,1.0,0.0,0.0,51,251,1.0,0.0,0.02,0.04,0.0,0.0,1.0,0.98,normal
0,udp,private,SF,105,147,0,0,0,0,0,0,0,0,0,0,0,0,0,0,0,0,3,1,0.0,0.0,0.0,0.0,0.33,1.0,0.0,255,245,0.96,0.01,0.01,0.0,0.0,0.0,0.0,0.0,normal
0,udp,private,SF,1,0,0,0,0,0,0,0,0,0,0,0,0,0,0,0,0,0,10,3,0.0,0.0,0.0,0.0,0.3,0.2,0.0,255,69,0.27,0.17,0.89,0.0,0.0,0.0,0.11,0.0,satan
0,tcp,smtp,SF,755,327,0,0,0,0,0,1,0,0,0,0,0,0,0,0,0,0,1,1,0.0,0.0,0.0,0.0,1.0,0.0,0.0,255,121,0.47,0.01,0.0,0.0,0.0,0.0,0.0,0.0,normal
0,icmp,eco_i,SF,18,0,0,0,0,0,0,0,0,0,0,0,0,0,0,0,0,0,1,1,0.0,0.0,0.0,0.0,1.0,0.0,0.0,3,107,1.0,0.0,1.0,0.25,0.0,0.0,0.0,0.0,ipsweep
0,tcp,private,REJ,0,0,0,0,0,0,0,0,0,0,0,0,0,0,0,0,0,0,271,9,0.0,0.0,1.0,1.0,0.03,0.06,0.0,255,9,0.04,0.07,0.0,0.0,0.0,0.0,1.0,1.0,neptune
0,icmp,eco_i,SF,8,0,0,0,0,0,0,0,0,0,0,0,0,0,0,0,0,0,1,46,0.0,0.0,0.0,0.0,1.0,0.0,1.0,2,6,1.0,0.0,1.0,0.5,0.0,0.0,0.0,0.0,ipsweep
0,tcp,private,S0,0,0,0,0,0,0,0,0,0,0,0,0,0,0,0,0,0,0,24,2,1.0,1.0,0.0,0.0,0.08,0.21,0.0,255,2,0.01,0.09,0.0,0.0,1.0,1.0,0.0,0.0,neptune
0,tcp,private,S0,0,0,0,0,0,0,0,0,0,0,0,0,0,0,0,0,0,0,122,19,0.99,1.0,0.0,0.0,0.16,0.07,0.0,255,19,0.07,0.06,0.0,0.0,1.0,1.0,0.0,0.0,neptune
0,tcp,ftp_data,SF,16115,0,0,0,0,0,0,0,0,0,0,0,0,0,0,0,0,0,8,8,0.0,0.0,0.0,0.0,1.0,0.0,0.0,43,60,0.47,0.07,0.47,0.05,0.0,0.0,0.0,0.0,normal
0,tcp,courier,S0,0,0,0,0,0,0,0,0,0,0,0,0,0,0,0,0,0,0,103,7,1.0,1.0,0.0,0.0,0.07,0.06,0.0,255,7,0.03,0.06,0.0,0.0,1.0,1.0,0.0,0.0,neptune
0,tcp,http,SF,159,20222,0,0,0,0,0,1,0,0,0,0,0,0,0,0,0,0,1,15,0.0,0.0,0.0,0.0,1.0,0.0,0.27,5,255,1.0,0.0,0.2,0.01,0.0,0.0,0.0,0.0,normal
0,tcp,smtp,RSTO,0,0,0,0,0,0,0,0,0,0,0,0,0,0,0,0,0,0,1,1,0.0,0.0,1.0,1.0,1.0,0.0,0.0,86,175,0.64,0.15,0.01,0.01,0.01,0.0,0.02,0.05,normal
0,tcp,klogin,S0,0,0,0,0,0,0,0,0,0,0,0,0,0,0,0,0,0,0,101,8,1.0,1.0,0.0,0.0,0.08,0.06,0.0,255,20,0.08,0.07,0.0,0.0,1.0,1.0,0.0,0.0,neptune
0,tcp,http,SF,317,7384,0,0,0,0,0,1,0,0,0,0,0,0,0,0,0,0,24,26,0.0,0.0,0.0,0.0,1.0,0.0,0.08,255,255,1.0,0.0,0.0,0.0,0.01,0.01,0.0,0.0,normal
0,tcp,http,SF,231,284,0,0,0,0,0,1,0,0,0,0,0,0,0,0,0,0,25,25,0.0,0.0,0.0,0.0,1.0,0.0,0.0,133,255,1.0,0.0,0.01,0.03,0.0,0.0,0.0,0.0,normal
0,tcp,ftp_data,SF,71,0,0,0,0,0,0,1,0,0,0,0,0,0,0,0,0,0,1,1,0.0,0.0,0.0,0.0,1.0,0.0,0.0,255,60,0.24,0.02,0.04,0.0,0.74,0.83,0.0,0.0,normal
0,tcp,http,S0,0,0,0,0,0,0,0,0,0,0,0,0,0,0,0,0,0,0,12,9,1.0,1.0,0.0,0.0,0.75,0.17,0.0,255,62,0.24,0.04,0.0,0.0,1.0,1.0,0.0,0.0,neptune
0,tcp,smtp,SF,714,483,0,0,0,0,0,1,0,0,0,0,0,0,0,0,0,0,1,1,0.0,0.0,0.0,0.0,1.0,0.0,0.0,64,144,0.78,0.05,0.02,0.01,0.02,0.0,0.0,0.0,normal
0,tcp,imap4,S0,0,0,0,0,0,0,0,0,0,0,0,0,0,0,0,0,0,0,286,14,1.0,1.0,0.0,0.0,0.05,0.06,0.0,255,14,0.05,0.06,0.0,0.0,1.0,1.0,0.0,0.0,neptune
0,udp,domain_u,SF,44,110,0,0,0,0,0,0,0,0,0,0,0,0,0,0,0,0,225,301,0.0,0.0,0.0,0.0,1.0,0.0,0.01,255,253,0.99,0.01,0.0,0.0,0.0,0.0,0.0,0.0,normal
5442,udp,other,SF,146,105,0,0,0,0,0,0,0,0,0,0,0,0,0,0,0,0,1,1,0.0,0.0,0.0,0.0,1.0,0.0,0.0,255,1,0.0,0.64,0.94,0.0,0.0,0.0,0.0,0.0,normal
0,tcp,http,SF,291,2696,0,0,0,0,0,1,0,0,0,0,0,0,0,0,0,0,17,30,0.0,0.0,0.0,0.0,1.0,0.0,0.07,255,255,1.0,0.0,0.0,0.0,0.0,0.0,0.0,0.0,normal
1,tcp,smtp,SF,821,368,0,0,0,0,0,1,0,0,0,0,0,0,0,0,0,0,1,2,0.0,0.0,0.0,0.0,1.0,0.0,1.0,173,122,0.59,0.03,0.01,0.02,0.0,0.0,0.0,0.0,normal
0,icmp,urp_i,SF,182,0,0,0,0,0,0,0,0,0,0,0,0,0,0,0,0,0,3,1,0.0,0.0,0.0,0.0,0.33,1.0,0.0,255,13,0.05,0.01,0.07,0.0,0.0,0.0,0.0,0.0,normal
0,tcp,http,REJ,0,0,0,0,0,0,0,0,0,0,0,0,0,0,0,0,0,0,10,10,0.0,0.0,0.6,0.6,1.0,0.0,0.0,163,174,1.0,0.0,0.01,0.03,0.01,0.01,0.27,0.31,normal
0,tcp,domain,S0,0,0,0,0,0,0,0,0,0,0,0,0,0,0,0,0,0,0,234,2,1.0,1.0,0.0,0.0,0.01,0.07,0.0,255,2,0.01,0.07,0.0,0.0,1.0,1.0,0.0,0.0,neptune
28,udp,domain_u,SF,46,46,0,0,0,0,0,0,0,0,0,0,0,0,0,0,0,0,5,8,0.0,0.0,0.0,0.0,0.2,0.4,0.25,116,111,0.96,0.02,0.01,0.0,0.0,0.0,0.0,0.0,normal
0,tcp,http,REJ,0,0,0,0,0,0,0,0,0,0,0,0,0,0,0,0,0,0,220,1,0.0,0.0,1.0,1.0,0.0,0.07,0.0,255,1,0.0,0.07,0.0,0.0,0.0,0.0,1.0,1.0,neptune
0,tcp,domain,S0,0,0,0,0,0,0,0,0,0,0,0,0,0,0,0,0,0,0,267,9,1.0,1.0,0.0,0.0,0.03,0.06,0.0,255,6,0.02,0.08,0.0,0.0,1.0,1.0,0.0,0.0,neptune
0,tcp,ftp_data,S0,0,0,0,0,0,0,0,0,0,0,0,0,0,0,0,0,0,0,74,16,1.0,1.0,0.0,0.0,0.22,0.05,0.0,255,69,0.27,0.02,0.01,0.0,1.0,1.0,0.0,0.0,neptune
0,icmp,eco_i,SF,8,0,0,0,0,0,0,0,0,0,0,0,0,0,0,0,0,0,1,3,0.0,0.0,0.0,0.0,1.0,0.0,1.0,1,93,1.0,0.0,1.0,0.51,0.0,0.0,0.0,0.0,ipsweep
0,tcp,http,SF,54540,8314,0,0,0,2,0,1,1,0,0,0,0,0,0,0,0,0,8,8,0.0,0.0,0.0,0.0,1.0,0.0,0.0,255,255,1.0,0.0,0.0,0.0,0.0,0.0,0.06,0.06,back
0,tcp,http,SF,302,268,0,0,0,0,0,1,0,0,0,0,0,0,0,0,0,0,1,13,0.0,0.0,0.0,0.0,1.0,0.0,0.15,35,255,1.0,0.0,0.03,0.03,0.0,0.0,0.0,0.0,normal
0,tcp,time,S0,0,0,0,0,0,0,0,0,0,0,0,0,0,0,0,0,0,0,242,19,1.0,1.0,0.0,0.0,0.08,0.06,0.0,255,2,0.01,0.08,0.0,0.0,1.0,1.0,0.0,0.0,neptune
0,icmp,urp_i,SF,78,0,0,0,0,0,0,0,0,0,0,0,0,0,0,0,0,0,8,2,0.0,0.0,0.0,0.0,0.25,0.25,0.0,255,19,0.07,0.01,0.07,0.0,0.0,0.0,0.0,0.0,normal
0,tcp,http,SF,330,1840,0,0,0,0,0,1,0,0,0,0,0,0,0,0,0,0,7,7,0.0,0.0,0.0,0.0,1.0,0.0,0.0,68,255,1.0,0.0,0.01,0.06,0.0,0.0,0.0,0.0,normal
0,tcp,http,SF,244,1088,0,0,0,0,0,1,0,0,0,0,0,0,0,0,0,0,24,40,0.0,0.0,0.0,0.0,1.0,0.0,0.05,255,255,1.0,0.0,0.0,0.0,0.0,0.0,0.0,0.0,normal
0,tcp,finger,S0,0,0,0,0,0,0,0,0,0,0,0,0,0,0,0,0,0,0,24,8,1.0,1.0,0.0,0.0,0.33,0.17,0.0,255,68,0.27,0.02,0.0,0.0,1.0,1.0,0.0,0.0,neptune
0,tcp,http,SF,299,377,0,0,0,0,0,1,0,0,0,0,0,0,0,0,0,0,9,9,0.0,0.0,0.0,0.0,1.0,0.0,0.0,36,255,1.0,0.0,0.03,0.04,0.0,0.0,0.0,0.0,normal
0,udp,private,SF,28,0,0,3,0,0,0,0,0,0,0,0,0,0,0,0,0,0,83,83,0.0,0.0,0.0,0.0,1.0,0.0,0.0,255,183,0.72,0.29,0.72,0.0,0.09,0.0,0.2,0.0,teardrop
0,tcp,private,S0,0,0,0,0,0,0,0,0,0,0,0,0,0,0,0,0,0,0,104,5,1.0,1.0,0.0,0.0,0.05,0.06,0.0,50,4,0.08,0.1,0.02,0.0,1.0,1.0,0.0,0.0,neptune
0,tcp,private,REJ,0,0,0,0,0,0,0,0,0,0,0,0,0,0,0,0,0,0,1,1,0.0,0.0,1.0,1.0,1.0,0.0,0.0,41,2,0.02,1.0,0.02,1.0,0.0,0.0,0.98,1.0,ipsweep
0,icmp,eco_i,SF,8,0,0,0,0,0,0,0,0,0,0,0,0,0,0,0,0,0,1,7,0.0,0.0,0.0,0.0,1.0,0.0,1.0,2,32,1.0,0.0,1.0,0.5,0.0,0.0,0.0,0.0,ipsweep
0,tcp,hostnames,S0,0,0,0,0,0,0,0,0,0,0,0,0,0,0,0,0,0,0,285,4,1.0,1.0,0.0,0.0,0.01,0.05,0.0,255,4,0.02,0.05,0.0,0.0,1.0,1.0,0.0,0.0,neptune
0,tcp,private,S0,0,0,0,0,0,0,0,0,0,0,0,0,0,0,0,0,0,0,103,3,1.0,1.0,0.0,0.0,0.03,0.07,0.0,255,14,0.05,0.08,0.0,0.0,1.0,1.0,0.0,0.0,neptune
0,tcp,http,SF,321,2563,0,0,0,0,0,1,0,0,0,0,0,0,0,0,0,0,7,7,0.0,0.0,0.0,0.0,1.0,0.0,0.0,22,255,1.0,0.0,0.05,0.02,0.05,0.01,0.0,0.0,normal
1,tcp,smtp,SF,1340,364,0,0,0,0,0,1,0,0,0,0,0,0,0,0,0,0,1,3,0.0,0.0,0.0,0.0,1.0,0.0,1.0,136,105,0.65,0.02,0.01,0.02,0.0,0.0,0.0,0.0,normal
0,tcp,http,SF,335,2648,0,0,0,0,0,1,0,0,0,0,0,0,0,0,0,0,6,6,0.0,0.0,0.0,0.0,1.0,0.0,0.0,20,255,1.0,0.0,0.05,0.06,0.0,0.0,0.0,0.0,normal
14829,udp,other,SF,147,105,0,0,0,0,0,0,0,0,0,0,0,0,0,0,0,0,1,1,0.0,0.0,0.0,0.0,1.0,0.0,0.0,255,1,0.0,0.64,0.93,0.0,0.0,0.0,0.0,0.0,normal
0,tcp,http,SF,228,2090,0,0,0,0,0,1,0,0,0,0,0,0,0,0,0,0,4,5,0.0,0.0,0.0,0.0,1.0,0.0,0.4,255,255,1.0,0.0,0.0,0.0,0.0,0.0,0.0,0.0,normal
0,udp,domain_u,SF,43,107,0,0,0,0,0,0,0,0,0,0,0,0,0,0,0,0,6,19,0.0,0.0,0.0,0.0,1.0,0.0,0.16,255,249,0.98,0.01,0.0,0.0,0.0,0.0,0.0,0.0,normal
0,udp,domain_u,SF,45,138,0,0,0,0,0,0,0,0,0,0,0,0,0,0,0,0,129,129,0.0,0.0,0.0,0.0,1.0,0.0,0.0,255,205,0.8,0.01,0.0,0.0,0.0,0.0,0.0,0.0,normal
0,tcp,smtp,SF,1713,336,0,0,0,0,0,1,0,0,0,0,0,0,0,0,0,0,1,1,0.0,0.0,0.0,0.0,1.0,0.0,0.0,31,167,0.77,0.13,0.03,0.01,0.0,0.01,0.0,0.0,normal
521,tcp,telnet,SF,1205,15071,0,0,0,1,0,1,8,1,1,7,17,0,0,0,0,0,1,1,0.0,0.0,0.0,0.0,1.0,0.0,0.0,255,20,0.08,0.07,0.0,0.0,0.97,0.9,0.0,0.0,normal
0,tcp,daytime,S0,0,0,0,0,0,0,0,0,0,0,0,0,0,0,0,0,0,0,134,20,1.0,1.0,0.0,0.0,0.15,0.06,0.0,255,18,0.07,0.07,0.0,0.0,1.0,1.0,0.0,0.0,neptune
0,tcp,name,REJ,0,0,0,0,0,0,0,0,0,0,0,0,0,0,0,0,0,0,103,20,0.0,0.0,1.0,1.0,0.19,0.07,0.0,255,13,0.05,0.07,0.0,0.0,0.0,0.0,1.0,1.0,neptune
2,tcp,smtp,SF,891,327,0,0,0,0,0,1,0,0,0,0,0,0,0,0,0,0,2,2,0.0,0.0,0.0,0.0,0.5,1.0,1.0,90,193,0.61,0.08,0.01,0.01,0.0,0.0,0.0,0.0,normal
0,tcp,private,REJ,0,0,0,0,0,0,0,0,0,0,0,0,0,0,0,0,0,0,224,1,0.06,0.0,0.88,1.0,0.0,1.0,0.0,255,1,0.0,0.89,0.0,0.0,0.05,0.0,0.78,1.0,satan
0,udp,private,SF,1,0,0,0,0,0,0,0,0,0,0,0,0,0,0,0,0,0,4,4,0.0,0.0,0.0,0.0,1.0,0.0,0.0,255,4,0.02,0.42,0.62,0.0,0.16,0.0,0.23,0.0,satan
0,tcp,http,S1,236,14600,0,0,0,0,0,1,0,0,0,0,0,0,0,0,0,0,1,1,1.0,1.0,0.0,0.0,1.0,0.0,0.0,255,255,1.0,0.0,0.0,0.0,0.0,0.0,0.0,0.0,normal
0,udp,domain_u,SF,43,129,0,0,0,0,0,0,0,0,0,0,0,0,0,0,0,0,69,149,0.0,0.0,0.0,0.0,1.0,0.0,0.01,255,254,1.0,0.01,0.0,0.0,0.0,0.0,0.0,0.0,normal
0,tcp,finger,S0,0,0,0,0,0,0,0,0,0,0,0,0,0,0,0,0,0,0,35,9,1.0,1.0,0.0,0.0,0.26,0.11,0.0,115,34,0.25,0.03,0.03,0.06,1.0,0.85,0.0,0.0,neptune
0,udp,domain_u,SF,44,117,0,0,0,0,0,0,0,0,0,0,0,0,0,0,0,0,104,104,0.0,0.0,0.0,0.0,1.0,0.0,0.0,255,255,1.0,0.0,0.0,0.0,0.0,0.0,0.0,0.0,normal
0,icmp,eco_i,SF,8,0,0,0,0,0,0,0,0,0,0,0,0,0,0,0,0,0,1,32,0.0,0.0,0.0,0.0,1.0,0.0,1.0,2,82,1.0,0.0,1.0,0.5,0.0,0.0,0.0,0.0,ipsweep
0,tcp,private,REJ,0,0,0,0,0,0,0,0,0,0,0,0,0,0,0,0,0,0,213,7,0.0,0.0,1.0,1.0,0.03,0.07,0.0,255,7,0.03,0.07,0.0,0.0,0.0,0.0,1.0,1.0,neptune
0,tcp,ftp_data,SF,61298,0,0,0,0,0,0,0,0,0,0,0,0,0,0,0,0,0,9,9,0.0,0.0,0.0,0.0,1.0,0.0,0.0,19,15,0.79,0.16,0.79,0.0,0.0,0.0,0.0,0.0,normal
0,tcp,http,S0,0,0,0,0,0,0,0,0,0,0,0,0,0,0,0,0,0,0,19,28,0.05,0.04,0.0,0.0,1.0,0.0,0.11,54,255,1.0,0.0,0.04,0.02,0.02,0.01,0.0,0.0,normal
0,tcp,ftp_data,SF,637,0,0,0,0,0,0,0,0,0,0,0,0,0,0,0,0,0,7,7,0.0,0.0,0.0,0.0,1.0,0.0,0.0,255,107,0.42,0.02,0.42,0.0,0.0,0.0,0.0,0.0,normal
0,tcp,daytime,S0,0,0,0,0,0,0,0,0,0,0,0,0,0,0,0,0,0,0,19,7,1.0,1.0,0.0,0.0,0.37,0.32,0.0,255,11,0.04,0.1,0.0,0.0,1.0,1.0,0.0,0.0,neptune
0,tcp,name,S0,0,0,0,0,0,0,0,0,0,0,0,0,0,0,0,0,0,0,291,10,1.0,1.0,0.0,0.0,0.03,0.05,0.0,255,9,0.04,0.07,0.0,0.0,1.0,1.0,0.0,0.0,neptune
0,tcp,http,SF,197,310,0,0,0,0,0,1,0,0,0,0,0,0,0,0,0,0,1,1,0.0,0.0,0.0,0.0,1.0,0.0,0.0,164,255,1.0,0.0,0.01,0.03,0.0,0.0,0.0,0.0,normal
0,udp,domain_u,SF,42,42,0,0,0,0,0,0,0,0,0,0,0,0,0,0,0,0,1,3,0.0,0.0,0.0,0.0,1.0,0.0,0.67,46,43,0.93,0.07,0.02,0.0,0.0,0.0,0.0,0.0,normal
0,tcp,supdup,S0,0,0,0,0,0,0,0,0,0,0,0,0,0,0,0,0,0,0,295,19,1.0,1.0,0.0,0.0,0.06,0.06,0.0,255,19,0.07,0.07,0.0,0.0,1.0,1.0,0.0,0.0,neptune
0,tcp,private,S0,0,0,0,0,0,0,0,0,0,0,0,0,0,0,0,0,0,0,94,5,1.0,1.0,0.0,0.0,0.05,0.06,0.0,255,17,0.07,0.07,0.0,0.0,1.0,1.0,0.0,0.0,neptune
0,tcp,private,S0,0,0,0,0,0,0,0,0,0,0,0,0,0,0,0,0,0,0,207,9,1.0,1.0,0.0,0.0,0.04,0.06,0.0,255,19,0.07,0.07,0.0,0.0,1.0,1.0,0.0,0.0,neptune
0,tcp,domain,S0,0,0,0,0,0,0,0,0,0,0,0,0,0,0,0,0,0,0,274,5,1.0,1.0,0.0,0.0,0.02,0.06,0.0,255,20,0.08,0.08,0.0,0.0,1.0,1.0,0.0,0.0,neptune
0,icmp,eco_i,SF,30,0,0,0,0,0,0,0,0,0,0,0,0,0,0,0,0,0,2,1,0.0,0.0,0.0,0.0,0.5,1.0,0.0,255,5,0.02,0.01,0.07,0.0,0.0,0.0,0.0,0.0,normal
0,tcp,private,S0,0,0,0,0,0,0,0,0,0,0,0,0,0,0,0,0,0,0,130,18,1.0,1.0,0.0,0.0,0.14,0.06,0.0,255,32,0.13,0.07,0.0,0.0,1.0,1.0,0.0,0.0,neptune
0,tcp,efs,S0,0,0,0,0,0,0,0,0,0,0,0,0,0,0,0,0,0,0,30,5,1.0,1.0,0.0,0.0,0.17,0.1,0.0,255,17,0.07,0.07,0.0,0.0,1.0,1.0,0.0,0.0,neptune
0,tcp,http,SF,319,1718,0,0,0,0,0,1,0,0,0,0,0,0,0,0,0,0,4,4,0.0,0.0,0.0,0.0,1.0,0.0,0.0,255,255,1.0,0.0,0.0,0.0,0.0,0.0,0.0,0.0,normal
0,udp,private,SF,28,0,0,3,0,0,0,0,0,0,0,0,0,0,0,0,0,0,99,99,0.0,0.0,0.0,0.0,1.0,0.0,0.0,255,99,0.39,0.04,0.39,0.0,0.02,0.0,0.0,0.0,teardrop
0,tcp,http,SF,206,261,0,0,0,0,0,1,0,0,0,0,0,0,0,0,0,0,3,4,0.0,0.0,0.0,0.0,1.0,0.0,0.5,3,255,1.0,0.0,0.33,0.05,0.0,0.0,0.0,0.0,normal
0,tcp,nntp,S0,0,0,0,0,0,0,0,0,0,0,0,0,0,0,0,0,0,0,127,11,1.0,1.0,0.0,0.0,0.09,0.08,0.0,255,6,0.02,0.08,0.0,0.0,1.0,1.0,0.0,0.0,neptune
0,icmp,eco_i,SF,30,0,0,0,0,0,0,0,0,0,0,0,0,0,0,0,0,0,1,1,0.0,0.0,0.0,0.0,1.0,0.0,0.0,55,55,1.0,0.0,1.0,0.0,0.0,0.0,0.0,0.0,normal
0,tcp,vmnet,S0,0,0,0,0,0,0,0,0,0,0,0,0,0,0,0,0,0,0,270,6,1.0,1.0,0.0,0.0,0.02,0.06,0.0,255,13,0.05,0.07,0.0,0.0,1.0,1.0,0.0,0.0,neptune
1524,udp,other,SF,146,105,0,0,0,0,0,0,0,0,0,0,0,0,0,0,0,0,1,1,0.0,0.0,0.0,0.0,1.0,0.0,0.0,255,1,0.0,0.54,0.81,0.0,0.0,0.0,0.0,0.0,normal
0,tcp,http,SF,292,7547,0,0,0,0,0,1,0,0,0,0,0,0,0,0,0,0,2,2,0.0,0.0,0.0,0.0,1.0,0.0,0.0,255,255,1.0,0.0,0.0,0.0,0.0,0.0,0.0,0.0,normal
0,tcp,http,SF,217,1042,0,0,0,0,0,1,0,0,0,0,0,0,0,0,0,0,24,24,0.0,0.0,0.0,0.0,1.0,0.0,0.0,255,255,1.0,0.0,0.0,0.0,0.0,0.0,0.0,0.0,normal
5,tcp,smtp,SF,1606,332,0,0,0,0,0,1,0,0,0,0,0,0,0,0,0,0,1,2,0.0,0.0,0.0,0.0,1.0,0.0,1.0,195,113,0.58,0.02,0.01,0.0,0.0,0.0,0.0,0.0,normal
0,tcp,private,S0,0,0,0,0,0,0,0,0,0,0,0,0,0,0,0,0,0,0,97,6,1.0,1.0,0.0,0.0,0.06,0.06,0.0,255,12,0.05,0.07,0.0,0.0,1.0,1.0,0.0,0.0,neptune
26,tcp,ftp,SF,333,1072,0,0,0,6,0,1,0,0,0,0,0,0,0,0,0,1,1,1,0.0,0.0,0.0,0.0,1.0,0.0,0.0,103,23,0.22,0.04,0.01,0.0,0.04,0.09,0.01,0.0,normal
0,tcp,smtp,SF,1808,387,0,0,0,0,0,1,0,0,0,0,0,0,0,0,0,0,1,1,0.0,0.0,0.0,0.0,1.0,0.0,0.0,255,19,0.07,0.09,0.0,0.0,0.82,0.0,0.01,0.0,normal
0,tcp,other,REJ,0,0,0,0,0,0,0,0,0,0,0,0,0,0,0,0,0,0,511,1,0.21,0.0,0.79,1.0,0.0,1.0,0.0,255,1,0.0,1.0,0.0,0.0,0.27,0.0,0.73,1.0,satan
0,tcp,finger,S0,0,0,0,0,0,0,0,0,0,0,0,0,0,0,0,0,0,0,206,6,1.0,1.0,0.0,0.0,0.03,0.06,0.0,255,16,0.06,0.07,0.0,0.0,1.0,1.0,0.0,0.0,neptune
0,tcp,rje,S0,0,0,0,0,0,0,0,0,0,0,0,0,0,0,0,0,0,0,210,6,1.0,1.0,0.0,0.0,0.03,0.05,0.0,255,6,0.02,0.05,0.0,0.0,1.0,1.0,0.0,0.0,neptune
0,tcp,private,S0,0,0,0,0,0,0,0,0,0,0,0,0,0,0,0,0,0,0,268,13,1.0,1.0,0.0,0.0,0.05,0.07,0.0,255,13,0.05,0.06,0.0,0.0,1.0,1.0,0.0,0.0,neptune
0,tcp,uucp,RSTO,0,0,0,0,0,0,0,0,0,0,0,0,0,0,0,0,0,0,123,18,0.0,0.0,1.0,1.0,0.15,0.07,0.0,255,18,0.07,0.07,0.0,0.0,0.0,0.0,1.0,1.0,neptune
0,tcp,http,REJ,0,0,0,0,0,0,0,0,0,0,0,0,0,0,0,0,0,0,1,1,0.0,0.0,1.0,1.0,1.0,0.0,0.0,2,37,1.0,0.0,0.5,0.27,0.0,0.0,1.0,1.0,normal
0,tcp,http,SF,228,720,0,0,0,0,0,1,0,0,0,0,0,0,0,0,0,0,37,37,0.05,0.05,0.0,0.0,1.0,0.0,0.0,255,255,1.0,0.0,0.0,0.0,0.0,0.0,0.0,0.0,normal
0,tcp,ssh,S0,0,0,0,0,0,0,0,0,0,0,0,0,0,0,0,0,0,0,234,17,1.0,1.0,0.0,0.0,0.07,0.05,0.0,255,17,0.07,0.06,0.0,0.0,1.0,1.0,0.0,0.0,neptune
42492,tcp,private,RSTR,1,0,0,0,0,0,0,0,0,0,0,0,0,0,0,0,0,0,2,2,0.0,0.0,1.0,1.0,1.0,0.0,0.0,156,2,0.01,0.13,0.23,0.0,0.0,0.0,0.23,1.0,portsweep
12,tcp,smtp,SF,926,330,0,0,0,0,0,1,0,0,0,0,0,0,0,0,0,0,1,1,0.0,0.0,0.0,0.0,1.0,0.0,0.0,57,36,0.58,0.04,0.02,0.06,0.0,0.0,0.0,0.0,normal
0,udp,domain_u,SF,42,128,0,0,0,0,0,0,0,0,0,0,0,0,0,0,0,0,137,137,0.0,0.0,0.0,0.0,1.0,0.0,0.0,255,254,1.0,0.01,0.0,0.0,0.0,0.0,0.0,0.0,normal
0,tcp,private,S0,0,0,0,0,0,0,0,0,0,0,0,0,0,0,0,0,0,0,298,9,1.0,1.0,0.0,0.0,0.03,0.05,0.0,255,9,0.04,0.07,0.0,0.0,1.0,1.0,0.0,0.0,neptune
0,tcp,ssh,S0,0,0,0,0,0,0,0,0,0,0,0,0,0,0,0,0,0,0,225,19,1.0,1.0,0.0,0.0,0.08,0.05,0.0,255,19,0.07,0.05,0.0,0.0,1.0,1.0,0.0,0.0,neptune
0,tcp,smtp,SF,865,400,0,0,0,0,0,1,0,0,0,0,0,0,0,0,0,0,1,1,0.0,0.0,0.0,0.0,1.0,0.0,0.0,73,155,0.63,0.04,0.01,0.01,0.0,0.0,0.0,0.0,normal
0,tcp,http,SF,54540,8314,0,0,0,2,0,1,1,0,0,0,0,0,0,0,0,0,2,3,0.0,0.0,0.0,0.33,1.0,0.0,0.67,145,145,1.0,0.0,0.01,0.0,0.0,0.0,0.01,0.01,back
0,tcp,ftp_data,SF,334,0,0,0,0,0,0,1,0,0,0,0,0,0,0,0,0,0,1,1,0.0,0.0,0.0,0.0,1.0,0.0,0.0,1,17,1.0,0.0,1.0,0.24,0.0,0.0,0.0,0.0,warezclient
0,tcp,bgp,S0,0,0,0,0,0,0,0,0,0,0,0,0,0,0,0,0,0,0,272,6,1.0,1.0,0.0,0.0,0.02,0.05,0.0,255,6,0.02,0.05,0.0,0.0,1.0,1.0,0.0,0.0,neptune
0,tcp,http,SF,150,193,0,0,0,0,0,1,0,0,0,0,0,0,0,0,0,0,1,1,0.0,0.0,0.0,0.0,1.0,0.0,0.0,2,255,1.0,0.0,0.5,0.07,0.0,0.01,0.0,0.0,normal
0,icmp,eco_i,SF,8,0,0,0,0,0,0,0,0,0,0,0,0,0,0,0,0,0,1,16,0.0,0.0,0.0,0.0,1.0,0.0,1.0,2,58,1.0,0.0,1.0,0.5,0.0,0.0,0.0,0.0,ipsweep
0,tcp,smtp,SF,1194,391,0,0,0,0,0,1,0,0,0,0,0,0,0,0,0,0,1,1,0.0,0.0,0.0,0.0,1.0,0.0,0.0,255,87,0.34,0.05,0.0,0.0,0.4,0.0,0.05,0.02,normal
0,udp,domain_u,SF,44,71,0,0,0,0,0,0,0,0,0,0,0,0,0,0,0,0,207,207,0.0,0.0,0.0,0.0,1.0,0.0,0.0,255,238,0.93,0.01,0.0,0.0,0.0,0.0,0.0,0.0,normal
0,tcp,http,REJ,0,0,0,0,0,0,0,0,0,0,0,0,0,0,0,0,0,0,1,1,0.0,0.0,1.0,1.0,1.0,0.0,0.0,15,106,1.0,0.0,0.07,0.22,0.0,0.0,1.0,1.0,normal
0,tcp,private,S0,0,0,0,0,0,0,0,0,0,0,0,0,0,0,0,0,0,0,77,12,1.0,1.0,0.0,0.0,0.16,0.08,0.0,255,16,0.06,0.06,0.0,0.0,1.0,1.0,0.0,0.0,neptune
0,tcp,http,S0,0,0,0,0,0,0,0,0,0,0,0,0,0,0,0,0,0,0,292,20,1.0,1.0,0.0,0.0,0.07,0.06,0.0,255,19,0.07,0.05,0.0,0.0,1.0,1.0,0.0,0.0,neptune
0,udp,domain_u,SF,45,154,0,0,0,0,0,0,0,0,0,0,0,0,0,0,0,0,63,143,0.0,0.0,0.0,0.0,1.0,0.0,0.01,255,255,1.0,0.0,0.0,0.0,0.0,0.0,0.0,0.0,normal
0,icmp,eco_i,SF,8,0,0,0,0,0,0,0,0,0,0,0,0,0,0,0,0,0,1,31,0.0,0.0,0.0,0.0,1.0,0.0,1.0,2,120,1.0,0.0,1.0,0.5,0.0,0.0,0.0,0.0,ipsweep
0,tcp,private,S0,0,0,0,0,0,0,0,0,0,0,0,0,0,0,0,0,0,0,132,7,1.0,1.0,0.0,0.0,0.05,0.07,0.0,255,9,0.04,0.06,0.0,0.0,1.0,1.0,0.0,0.0,neptune
0,tcp,iso_tsap,S0,0,0,0,0,0,0,0,0,0,0,0,0,0,0,0,0,0,0,10,5,1.0,1.0,0.0,0.0,0.5,0.4,0.0,255,5,0.02,0.09,0.0,0.0,1.0,1.0,0.0,0.0,neptune
0,tcp,http,SF,331,235,0,0,0,0,0,1,0,0,0,0,0,0,0,0,0,0,1,25,0.0,0.0,0.0,0.0,1.0,0.0,0.16,22,255,1.0,0.0,0.05,0.03,0.0,0.0,0.0,0.0,normal
0,tcp,systat,S0,0,0,0,0,0,0,0,0,0,0,0,0,0,0,0,0,0,0,263,9,1.0,1.0,0.0,0.0,0.03,0.07,0.0,255,12,0.05,0.08,0.0,0.0,1.0,1.0,0.0,0.0,neptune
0,tcp,http,SF,309,1528,0,0,0,0,0,1,0,0,0,0,0,0,0,0,0,0,4,4,0.0,0.0,0.0,0.0,1.0,0.0,0.0,104,255,1.0,0.0,0.01,0.03,0.0,0.0,0.0,0.0,normal
0,tcp,http,SF,196,3629,0,0,0,0,0,1,0,0,0,0,0,0,0,0,0,0,8,22,0.0,0.0,0.0,0.0,1.0,0.0,0.23,25,255,1.0,0.0,0.04,0.04,0.0,0.0,0.0,0.0,normal
0,tcp,private,S0,0,0,0,0,0,0,0,0,0,0,0,0,0,0,0,0,0,0,180,19,1.0,1.0,0.0,0.0,0.11,0.06,0.0,255,5,0.02,0.08,0.0,0.0,1.0,1.0,0.0,0.0,neptune
15,tcp,smtp,SF,728,331,0,0,0,0,0,1,0,0,0,0,0,0,0,0,0,0,1,2,0.0,0.0,0.0,0.0,1.0,0.0,1.0,202,127,0.53,0.03,0.0,0.02,0.0,0.0,0.0,0.0,normal
0,tcp,private,REJ,0,0,0,0,0,0,0,0,0,0,0,0,0,0,0,0,0,0,222,10,0.0,0.0,1.0,1.0,0.05,0.06,0.0,255,10,0.04,0.07,0.0,0.0,0.0,0.0,1.0,1.0,neptune
0,tcp,http,SF,230,8753,0,0,0,0,0,1,0,0,0,0,0,0,0,0,0,0,1,5,0.0,0.0,0.0,0.0,1.0,0.0,0.4,43,255,1.0,0.0,0.02,0.03,0.0,0.0,0.0,0.0,normal
0,tcp,http,SF,336,334,0,0,0,0,0,1,0,0,0,0,0,0,0,0,0,0,14,16,0.0,0.0,0.0,0.0,1.0,0.0,0.19,255,255,1.0,0.0,0.0,0.0,0.0,0.0,0.0,0.0,normal
0,tcp,http,SF,203,983,0,0,0,0,0,1,0,0,0,0,0,0,0,0,0,0,19,21,0.0,0.0,0.0,0.0,1.0,0.0,0.14,255,255,1.0,0.0,0.0,0.0,0.0,0.0,0.0,0.0,normal
0,tcp,finger,S0,0,0,1,0,0,0,0,0,0,0,0,0,0,0,0,0,0,0,1,2,1.0,1.0,0.0,0.0,1.0,0.0,1.0,1,3,1.0,0.0,1.0,1.0,1.0,1.0,0.0,0.0,land
0,tcp,http,SF,366,4084,0,0,0,0,0,1,0,0,0,0,0,0,0,0,0,0,7,7,0.0,0.0,0.0,0.0,1.0,0.0,0.0,255,255,1.0,0.0,0.0,0.0,0.0,0.0,0.0,0.0,normal
0,tcp,http,SF,238,9092,0,0,0,0,0,1,0,0,0,0,0,0,0,0,0,0,4,4,0.0,0.0,0.0,0.0,1.0,0.0,0.0,10,255,1.0,0.0,0.1,0.04,0.0,0.0,0.0,0.0,normal
0,tcp,uucp,S0,0,0,0,0,0,0,0,0,0,0,0,0,0,0,0,0,0,0,106,5,1.0,1.0,0.0,0.0,0.05,0.06,0.0,255,5,0.02,0.04,0.0,0.0,1.0,1.0,0.0,0.0,neptune
0,tcp,http,SF,279,1026,0,0,0,0,0,1,0,0,0,0,0,0,0,0,0,0,30,32,0.0,0.0,0.0,0.0,1.0,0.0,0.06,255,255,1.0,0.0,0.0,0.0,0.0,0.0,0.0,0.0,normal
0,tcp,time,RSTO,0,0,0,0,0,0,0,0,0,0,0,0,0,0,0,0,0,0,1,1,0.0,0.0,1.0,1.0,1.0,0.0,0.0,1,1,1.0,0.0,1.0,0.0,0.0,0.0,1.0,1.0,normal
0,tcp,http,SF,54540,8314,0,0,0,2,0,1,1,0,0,0,0,0,0,0,0,0,4,4,0.0,0.0,0.0,0.0,1.0,0.0,0.0,255,255,1.0,0.0,0.0,0.0,0.01,0.01,0.04,0.04,back
0,tcp,private,S0,0,0,0,0,0,0,0,0,0,0,0,0,0,0,0,0,0,0,216,15,1.0,1.0,0.0,0.0,0.07,0.06,0.0,255,14,0.05,0.07,0.0,0.0,1.0,1.0,0.0,0.0,neptune
0,tcp,private,S0,0,0,0,0,0,0,0,0,0,0,0,0,0,0,0,0,0,0,233,1,1.0,1.0,0.0,0.0,0.0,0.06,0.0,255,8,0.03,0.05,0.0,0.0,1.0,1.0,0.0,0.0,neptune
0,icmp,eco_i,SF,8,0,0,0,0,0,0,0,0,0,0,0,0,0,0,0,0,0,1,28,0.0,0.0,0.0,0.0,1.0,0.0,1.0,2,76,1.0,0.0,1.0,0.5,0.0,0.0,0.0,0.0,ipsweep
0,tcp,http,SF,219,1354,0,0,0,0,0,1,0,0,0,0,0,0,0,0,0,0,13,14,0.0,0.0,0.0,0.0,1.0,0.0,0.14,255,255,1.0,0.0,0.0,0.0,0.0,0.0,0.0,0.0,normal
0,icmp,urp_i,SF,182,0,0,0,0,0,0,0,0,0,0,0,0,0,0,0,0,0,2,1,0.0,0.0,0.0,0.0,0.5,1.0,0.0,255,26,0.1,0.01,0.12,0.0,0.0,0.0,0.0,0.0,normal
0,tcp,smtp,SF,965,331,0,0,0,0,0,1,0,0,0,0,0,0,0,0,0,0,1,1,0.0,0.0,0.0,0.0,1.0,0.0,0.0,180,98,0.54,0.04,0.01,0.0,0.0,0.0,0.0,0.0,normal
0,tcp,supdup,S0,0,0,0,0,0,0,0,0,0,0,0,0,0,0,0,0,0,0,280,23,1.0,1.0,0.0,0.0,0.08,0.05,0.0,255,23,0.09,0.05,0.0,0.0,1.0,1.0,0.0,0.0,neptune
0,tcp,http,SF,54540,8314,0,0,0,2,0,1,1,0,0,0,0,0,0,0,0,0,4,4,0.0,0.0,0.25,0.25,1.0,0.0,0.0,69,69,1.0,0.0,0.01,0.0,0.0,0.0,0.19,0.19,back
0,tcp,whois,S0,0,0,0,0,0,0,0,0,0,0,0,0,0,0,0,0,0,0,300,14,1.0,1.0,0.0,0.0,0.05,0.05,0.0,255,14,0.05,0.08,0.0,0.0,1.0,1.0,0.0,0.0,neptune
0,tcp,private,S0,0,0,0,0,0,0,0,0,0,0,0,0,0,0,0,0,0,0,291,3,1.0,1.0,0.0,0.0,0.01,0.05,0.0,255,10,0.04,0.08,0.0,0.0,1.0,1.0,0.0,0.0,neptune
0,tcp,csnet_ns,S0,0,0,0,0,0,0,0,0,0,0,0,0,0,0,0,0,0,0,264,20,1.0,1.0,0.0,0.0,0.08,0.06,0.0,255,20,0.08,0.08,0.0,0.0,1.0,1.0,0.0,0.0,neptune
0,udp,domain_u,SF,44,70,0,0,0,0,0,0,0,0,0,0,0,0,0,0,0,0,148,148,0.0,0.0,0.0,0.0,1.0,0.0,0.0,255,249,0.98,0.01,0.01,0.0,0.0,0.0,0.0,0.0,normal
0,tcp,http,SF,219,9264,0,0,0,0,0,1,0,0,0,0,0,0,0,0,0,0,9,19,0.0,0.0,0.0,0.0,1.0,0.0,0.21,11,255,1.0,0.0,0.09,0.04,0.0,0.0,0.0,0.0,normal
0,tcp,http,SF,326,5202,0,0,0,1,0,1,0,0,0,0,0,0,0,0,0,0,12,12,0.0,0.0,0.0,0.0,1.0,0.0,0.0,31,255,1.0,0.0,0.03,0.04,0.0,0.0,0.0,0.0,normal
0,tcp,http,SF,222,1483,0,0,0,0,0,1,0,0,0,0,0,0,0,0,0,0,3,3,0.0,0.0,0.0,0.0,1.0,0.0,0.0,255,255,1.0,0.0,0.01,0.0,0.0,0.0,0.0,0.0,normal
0,udp,domain_u,SF,29,0,0,0,0,0,0,0,0,0,0,0,0,0,0,0,0,0,4,33,0.0,0.0,0.0,0.0,0.75,0.5,0.09,109,32,0.1,0.06,0.1,0.06,0.0,0.0,0.0,0.0,normal
0,tcp,private,S0,0,0,0,0,0,0,0,0,0,0,0,0,0,0,0,0,0,0,183,6,1.0,1.0,0.0,0.0,0.03,0.07,0.0,255,6,0.02,0.07,0.0,0.0,1.0,1.0,0.0,0.0,neptune
0,tcp,http,S0,0,0,0,0,0,0,0,0,0,0,0,0,0,0,0,0,0,0,12,12,1.0,1.0,0.0,0.0,1.0,0.0,0.0,255,12,0.05,0.07,0.0,0.0,1.0,1.0,0.0,0.0,neptune
0,tcp,private,S0,0,0,0,0,0,0,0,0,0,0,0,0,0,0,0,0,0,0,181,5,1.0,1.0,0.0,0.0,0.03,0.06,0.0,255,19,0.07,0.07,0.0,0.0,1.0,1.0,0.0,0.0,neptune
0,tcp,http,SF,310,498,0,0,0,0,0,1,0,0,0,0,0,0,0,0,0,0,14,18,0.0,0.0,0.0,0.0,1.0,0.0,0.17,255,255,1.0,0.0,0.0,0.0,0.0,0.0,0.0,0.0,normal
0,icmp,urp_i,SF,78,0,0,0,0,0,0,0,0,0,0,0,0,0,0,0,0,0,14,3,0.0,0.0,0.0,0.0,0.21,0.14,0.0,255,22,0.09,0.01,0.09,0.0,0.0,0.0,0.0,0.0,normal
5,tcp,ftp_data,SF,2194619,0,0,0,0,0,0,1,0,0,0,0,0,0,0,0,0,0,2,3,0.0,0.0,0.0,0.0,1.0,0.0,0.67,65,87,0.09,0.06,0.09,0.02,0.0,0.0,0.0,0.0,normal
0,tcp,ftp_data,SF,12165,0,0,0,0,0,0,1,0,0,0,0,0,0,0,0,0,0,8,8,0.0,0.0,0.0,0.0,1.0,0.0,0.0,215,75,0.24,0.03,0.24,0.03,0.0,0.0,0.0,0.0,normal
0,tcp,ctf,S0,0,0,0,0,0,0,0,0,0,0,0,0,0,0,0,0,0,0,239,5,1.0,1.0,0.0,0.0,0.02,0.07,0.0,255,5,0.02,0.07,0.0,0.0,1.0,1.0,0.0,0.0,neptune
0,tcp,http,SF,285,304,0,0,0,0,0,1,0,0,0,0,0,0,0,0,0,0,32,34,0.0,0.0,0.0,0.0,1.0,0.0,0.09,101,255,1.0,0.0,0.01,0.03,0.0,0.0,0.0,0.0,normal
0,tcp,http,SF,291,1844,0,0,0,0,0,1,0,0,0,0,0,0,0,0,0,0,6,6,0.0,0.0,0.0,0.0,1.0,0.0,0.0,255,255,1.0,0.0,0.0,0.0,0.01,0.01,0.0,0.0,normal
17,tcp,telnet,SF,372,258229,0,0,0,0,0,1,0,0,0,0,0,0,0,0,0,0,1,1,0.0,0.0,0.0,0.0,1.0,0.0,0.0,1,2,1.0,0.0,1.0,1.0,0.0,0.0,0.0,0.0,normal
0,tcp,finger,S0,0,0,0,0,0,0,0,0,0,0,0,0,0,0,0,0,0,0,276,19,1.0,1.0,0.0,0.0,0.07,0.06,0.0,255,19,0.07,0.07,0.0,0.0,1.0,1.0,0.0,0.0,neptune
0,tcp,ftp_data,SF,192,0,0,0,0,0,0,1,0,0,0,0,0,0,0,0,0,0,1,4,0.0,0.0,0.0,0.0,1.0,0.0,0.5,31,95,0.58,0.13,0.58,0.02,0.0,0.01,0.0,0.0,normal
0,tcp,finger,SF,6,0,0,0,0,0,0,0,0,0,0,0,0,0,0,0,0,0,1,1,0.0,0.0,0.0,0.0,1.0,0.0,0.0,113,9,0.07,0.03,0.01,0.22,0.07,0.33,0.01,0.0,normal
0,icmp,ecr_i,SF,1032,0,0,0,0,0,0,0,0,0,0,0,0,0,0,0,0,0,195,195,0.0,0.0,0.0,0.0,1.0,0.0,0.0,255,195,0.76,0.01,0.76,0.0,0.0,0.0,0.0,0.0,smurf
0,tcp,private,S0,0,0,0,0,0,0,0,0,0,0,0,0,0,0,0,0,0,0,120,14,1.0,1.0,0.0,0.0,0.12,0.06,0.0,255,29,0.11,0.05,0.0,0.0,1.0,1.0,0.0,0.0,neptune
0,tcp,nnsp,REJ,0,0,0,0,0,0,0,0,0,0,0,0,0,0,0,0,0,0,102,1,0.0,0.0,1.0,1.0,0.01,0.08,0.0,255,1,0.0,0.07,0.0,0.0,0.0,0.0,1.0,1.0,neptune
0,tcp,uucp,S0,0,0,0,0,0,0,0,0,0,0,0,0,0,0,0,0,0,0,119,1,1.0,1.0,0.0,0.0,0.01,0.06,0.0,255,2,0.01,0.06,0.0,0.0,1.0,1.0,0.0,0.0,neptune
0,tcp,http,SF,333,753,0,0,0,0,0,1,0,0,0,0,0,0,0,0,0,0,10,10,0.0,0.0,0.0,0.0,1.0,0.0,0.0,207,255,1.0,0.0,0.0,0.01,0.0,0.0,0.0,0.0,normal
0,tcp,daytime,S0,0,0,0,0,0,0,0,0,0,0,0,0,0,0,0,0,0,0,277,9,1.0,1.0,0.0,0.0,0.03,0.06,0.0,255,9,0.04,0.07,0.0,0.0,1.0,1.0,0.0,0.0,neptune
0,udp,domain_u,SF,34,0,0,0,0,0,0,0,0,0,0,0,0,0,0,0,0,0,1,2,0.0,0.0,0.0,0.0,1.0,0.0,1.0,146,10,0.03,0.05,0.03,0.2,0.0,0.0,0.0,0.0,normal
0,tcp,uucp,S0,0,0,0,0,0,0,0,0,0,0,0,0,0,0,0,0,0,0,140,19,1.0,1.0,0.0,0.0,0.14,0.06,0.0,255,19,0.07,0.05,0.0,0.0,1.0,1.0,0.0,0.0,neptune
0,tcp,http,SF,228,26903,0,0,0,0,0,1,0,0,0,0,0,0,0,0,0,0,10,13,0.0,0.0,0.0,0.0,1.0,0.0,0.15,255,255,1.0,0.0,0.0,0.0,0.0,0.0,0.0,0.0,normal
0,icmp,eco_i,SF,18,0,0,0,0,0,0,0,0,0,0,0,0,0,0,0,0,0,1,1,0.0,0.0,0.0,0.0,1.0,0.0,0.0,1,235,1.0,0.0,1.0,1.0,0.0,0.0,0.0,0.0,ipsweep
0,tcp,netbios_dgm,S0,0,0,0,0,0,0,0,0,0,0,0,0,0,0,0,0,0,0,196,6,1.0,1.0,0.0,0.0,0.03,0.07,0.0,255,6,0.02,0.07,0.0,0.0,1.0,1.0,0.0,0.0,neptune
0,tcp,private,S0,0,0,0,0,0,0,0,0,0,0,0,0,0,0,0,0,0,0,175,2,1.0,1.0,0.0,0.0,0.01,0.06,0.0,255,16,0.06,0.08,0.0,0.0,1.0,1.0,0.0,0.0,neptune
0,tcp,private,REJ,0,0,0,0,0,0,0,0,0,0,0,0,0,0,0,0,0,0,259,16,0.0,0.0,1.0,1.0,0.06,0.06,0.0,255,16,0.06,0.08,0.0,0.0,0.0,0.0,1.0,1.0,neptune
0,tcp,http,SF,293,269,0,0,0,0,0,1,0,0,0,0,0,0,0,0,0,0,11,27,0.0,0.0,0.0,0.0,1.0,0.0,0.19,255,255,1.0,0.0,0.0,0.0,0.0,0.0,0.0,0.0,normal
0,tcp,telnet,S0,0,0,0,0,0,0,0,0,0,0,0,0,0,0,0,0,0,0,6,1,1.0,1.0,0.0,0.0,0.17,0.5,0.0,255,61,0.24,0.02,0.01,0.0,1.0,1.0,0.0,0.0,neptune
0,udp,domain_u,SF,42,42,0,0,0,0,0,0,0,0,0,0,0,0,0,0,0,0,6,13,0.0,0.0,0.0,0.0,1.0,0.0,0.15,255,243,0.95,0.01,0.0,0.0,0.0,0.0,0.0,0.0,normal
0,tcp,ftp_data,SF,151,0,0,0,0,0,0,0,0,0,0,0,0,0,0,0,0,0,2,2,0.0,0.0,0.0,0.0,1.0,0.0,0.0,119,8,0.07,0.03,0.07,0.0,0.01,0.0,0.01,0.0,normal
0,udp,domain_u,SF,45,78,0,0,0,0,0,0,0,0,0,0,0,0,0,0,0,0,210,214,0.0,0.0,0.0,0.0,1.0,0.0,0.01,255,217,0.85,0.01,0.0,0.0,0.0,0.0,0.0,0.0,normal
0,tcp,private,S0,0,0,0,0,0,0,0,0,0,0,0,0,0,0,0,0,0,0,102,2,1.0,1.0,0.0,0.0,0.02,0.07,0.0,255,8,0.03,0.06,0.0,0.0,1.0,1.0,0.0,0.0,neptune
0,tcp,http,SF,232,36979,0,0,0,0,0,1,0,0,0,0,0,0,0,0,0,0,19,50,0.0,0.0,0.0,0.0,1.0,0.0,0.12,175,255,1.0,0.0,0.01,0.02,0.0,0.0,0.31,0.29,normal
20,tcp,telnet,SF,102,2063,0,0,0,0,0,1,0,0,0,0,0,0,0,0,0,0,1,1,0.0,0.0,0.0,0.0,1.0,0.0,0.0,2,2,0.5,1.0,0.5,1.0,0.0,0.0,0.0,0.0,normal
0,icmp,eco_i,SF,8,0,0,0,0,0,0,0,0,0,0,0,0,0,0,0,0,0,1,38,0.0,0.0,0.0,0.0,1.0,0.0,1.0,1,161,1.0,0.0,1.0,0.25,0.0,0.0,0.0,0.0,nmap
0,tcp,http,SF,206,294,0,0,0,0,0,1,0,0,0,0,0,0,0,0,0,0,15,15,0.0,0.0,0.0,0.0,1.0,0.0,0.0,255,255,1.0,0.0,0.0,0.0,0.0,0.0,0.0,0.0,normal
0,icmp,ecr_i,SF,1032,0,0,0,0,0,0,0,0,0,0,0,0,0,0,0,0,0,302,302,0.0,0.0,0.0,0.0,1.0,0.0,0.0,255,255,1.0,0.0,1.0,0.0,0.0,0.0,0.0,0.0,smurf
0,tcp,http,REJ,0,0,0,0,0,0,0,0,0,0,0,0,0,0,0,0,0,0,1,1,0.0,0.0,1.0,1.0,1.0,0.0,0.0,23,255,1.0,0.0,0.04,0.12,0.0,0.0,1.0,0.93,normal
0,tcp,smtp,S0,0,0,0,0,0,0,0,0,0,0,0,0,0,0,0,0,0,0,2,2,0.5,0.5,0.0,0.0,1.0,0.0,0.0,181,107,0.43,0.03,0.01,0.02,0.01,0.02,0.0,0.0,normal
0,tcp,uucp_path,S0,0,0,0,0,0,0,0,0,0,0,0,0,0,0,0,0,0,0,188,3,1.0,1.0,0.0,0.0,0.02,0.06,0.0,255,3,0.01,0.06,0.0,0.0,1.0,1.0,0.0,0.0,neptune
0,tcp,private,S0,0,0,0,0,0,0,0,0,0,0,0,0,0,0,0,0,0,0,31,3,1.0,1.0,0.0,0.0,0.1,0.16,0.0,255,3,0.01,0.08,0.0,0.0,1.0,1.0,0.0,0.0,neptune
0,udp,domain_u,SF,42,121,0,0,0,0,0,0,0,0,0,0,0,0,0,0,0,0,178,255,0.0,0.0,0.0,0.0,0.99,0.01,0.01,180,141,0.78,0.02,0.01,0.0,0.0,0.0,0.0,0.0,normal
0,tcp,other,SF,4753,0,0,0,0,0,0,1,0,0,0,0,0,1,0,0,0,0,13,1,0.08,0.0,0.0,0.0,0.08,0.23,0.0,126,1,0.01,0.06,0.15,0.0,0.03,0.0,0.0,0.0,normal
0,tcp,smtp,SF,1629,334,0,0,0,0,0,1,0,0,0,0,0,0,0,0,0,0,1,1,0.0,0.0,0.0,0.0,1.0,0.0,0.0,17,212,1.0,0.0,0.06,0.01,0.0,0.0,0.0,0.0,normal
0,tcp,echo,S0,0,0,0,0,0,0,0,0,0,0,0,0,0,0,0,0,0,0,270,5,1.0,1.0,0.0,0.0,0.02,0.06,0.0,255,14,0.05,0.07,0.0,0.0,1.0,1.0,0.0,0.0,neptune
0,udp,domain_u,SF,44,113,0,0,0,0,0,0,0,0,0,0,0,0,0,0,0,0,4,15,0.0,0.0,0.0,0.0,1.0,0.0,0.2,255,248,0.97,0.01,0.0,0.0,0.0,0.0,0.0,0.0,normal
37183,tcp,private,RSTR,1,0,0,0,0,0,0,0,0,0,0,0,0,0,0,0,0,0,2,2,0.0,0.0,1.0,1.0,1.0,0.0,0.0,255,2,0.01,0.5,1.0,0.0,0.0,0.0,1.0,1.0,portsweep
0,tcp,ftp_data,S0,0,0,0,0,0,0,0,0,0,0,0,0,0,0,0,0,0,0,80,20,1.0,1.0,0.0,0.0,0.25,0.05,0.0,255,40,0.16,0.06,0.02,0.0,1.0,1.0,0.0,0.0,neptune
0,tcp,http,SF,184,5288,0,0,0,0,0,1,0,0,0,0,0,0,0,0,0,0,1,3,0.0,0.0,0.0,0.0,1.0,0.0,1.0,2,255,1.0,0.0,0.5,0.08,0.0,0.0,0.0,0.0,normal
0,tcp,imap4,SH,0,0,0,0,0,0,0,0,0,0,0,0,0,0,0,0,0,0,1,160,1.0,0.58,0.0,0.03,1.0,0.0,0.28,1,1,1.0,0.0,1.0,0.0,1.0,1.0,0.0,0.0,imap
